Date,Open,High,Low,Close,Volume,RSI,ATR,EMA200,EMA30,EMAsignal,LSTMsignal,TotalSignal,pointpos
2024-06-05 18:00:00+02:00,196.01,196.3,195.95,196.06,11417.05,59.7369458919946,0.6535092835226445,192.4865298644561,195.0589283130117,2,0,0,0.0
2024-06-05 18:15:00+02:00,196.06,196.15,195.82,195.93,6463.42,57.48782060534775,0.6072936715908399,192.5207932488894,195.1151264863658,2,1,0,0.0
2024-06-05 18:30:00+02:00,195.92,196.26,195.85,196.11,7145.73,59.81546293277416,0.5791088613635765,192.55650674890043,195.1793118743422,2,0,0,0.0
2024-06-05 18:45:00+02:00,196.1,196.24,196.03,196.03,5745.44,58.24073794854109,0.5263790240259238,192.59106887080193,195.23419497922336,2,0,0,0.0
2024-06-05 19:00:00+02:00,196.04,196.1,195.66,195.72,8201.08,52.31127018240748,0.5140391634507916,192.62220251387856,195.26553723862833,2,2,2,193.7034
2024-06-05 19:15:00+02:00,195.73,196.13,195.59,195.89,10770.0,55.09681836907343,0.5177478543863917,192.65471791175042,195.30582515871683,2,2,2,193.6341
2024-06-05 19:30:00+02:00,195.88,196.32,195.88,196.12,11453.98,58.72138772337749,0.5066410180454782,192.689198330539,195.35835256783187,2,0,0,0.0
2024-06-05 19:45:00+02:00,196.12,196.7,196.02,196.67,11039.75,66.011077422093,0.5314065868961212,192.72880829739933,195.44297498281048,2,0,0,0.0
2024-06-05 20:00:00+02:00,196.67,196.69,195.98,195.99,9732.77,53.12342691406247,0.5569199316252479,192.76125796608193,195.47826691940338,2,2,2,194.0202
2024-06-05 20:15:00+02:00,195.99,196.24,195.94,196.21,7948.28,56.197585305405774,0.5202170842502142,192.79557380721545,195.52547550524832,2,1,0,0.0
2024-06-05 20:30:00+02:00,196.2,196.44,196.12,196.25,8997.64,56.77031181953854,0.4916146436430398,192.82994620714368,195.57221902103876,2,1,0,0.0
2024-06-05 20:45:00+02:00,196.24,196.3,195.83,195.83,7413.53,49.25651109093159,0.4885268374083197,192.85979748866464,195.5888500519395,2,2,2,193.8717
2024-06-05 21:00:00+02:00,195.83,196.03,195.72,195.95,10416.7,51.30264120236051,0.46302300349284575,192.89054577235953,195.61215004858855,2,1,0,0.0
2024-06-05 21:15:00+02:00,195.95,196.2,195.88,196.14,11170.35,54.5283383669639,0.44259114585100967,192.9228786502465,195.6462048841635,2,0,0,0.0
2024-06-05 21:30:00+02:00,196.13,196.45,196.07,196.2,18349.47,55.56118489993145,0.4336495535865791,192.95548682288089,195.68193360131426,2,2,2,194.1093
2024-06-05 21:45:00+02:00,196.19,196.2,195.62,195.9,33762.33,49.33556537058563,0.4545567602170655,192.98478546145918,195.69600240122946,0,1,0,0.0
2024-06-06 15:30:00+02:00,195.67,196.37,195.21,195.69,31022.9,45.38064895380526,0.5553343659003414,193.0117030190566,195.69561514953725,0,0,0,0.0
2024-06-06 15:45:00+02:00,195.69,196.14,195.42,196.11,13952.95,53.639389661165666,0.5788580279145782,193.04253184473762,195.72234965601874,0,2,0,0.0
2024-06-06 16:00:00+02:00,196.13,196.27,195.62,196.17,12825.5,54.72600434792415,0.589021166783925,193.07365093085963,195.75123032337237,0,0,0,0.0
2024-06-06 16:15:00+02:00,196.19,196.5,195.81,195.92,16798.29,49.36894429258066,0.6034467143862211,193.10197281214462,195.7621186896064,2,0,0,0.0
2024-06-06 16:30:00+02:00,195.91,196.0,195.59,195.77,10139.83,46.344538395368,0.5758114694739033,193.12852034635213,195.76262716124472,0,0,0,0.0
2024-06-06 16:45:00+02:00,195.78,195.98,195.44,195.75,10597.91,45.9277100398086,0.5706955452633445,193.15460472101532,195.76181250568055,0,0,0,0.0
2024-06-06 17:00:00+02:00,195.74,195.82,195.56,195.8,6528.2,47.245705791775386,0.5263104673685798,193.18092706209976,195.7642762149915,0,0,0,0.0
2024-06-06 17:15:00+02:00,195.81,195.89,195.6,195.84,8204.75,48.36446193383467,0.4925518291730672,193.2073854992928,195.76916162047593,0,0,0,0.0
2024-06-06 17:30:00+02:00,195.84,195.84,195.56,195.61,7082.43,42.59352258995438,0.4621872821483435,193.23129211124015,195.75889312883234,0,0,0,0.0
2024-06-06 17:45:00+02:00,195.62,195.67,195.41,195.53,6380.52,40.715918481697564,0.4333033846985788,193.2541648265512,195.74412583019802,1,0,0,0.0
2024-06-06 18:00:00+02:00,195.53,195.75,195.43,195.59,6575.97,42.81654859238471,0.4171171868844952,193.27740696758056,195.73418222824978,0,0,0,0.0
2024-06-06 18:15:00+02:00,195.6,195.79,195.5,195.67,5440.27,45.66860788982812,0.3989575887581376,193.30121386342555,195.73004143933045,0,0,0,0.0
2024-06-06 18:30:00+02:00,195.68,195.73,195.6,195.64,4191.83,44.738867011449,0.360535076078403,193.32448536727205,195.72423231421237,0,0,0,0.0
2024-06-06 18:45:00+02:00,195.65,195.97,195.64,195.97,6801.6,55.74950455124172,0.3561729223529187,193.3508088959559,195.74008829394063,0,2,0,0.0
2024-06-06 19:00:00+02:00,195.96,196.07,195.83,195.84,7291.16,51.27746030678676,0.3395767905882133,193.3755769666429,195.7465342104606,2,1,0,0.0
2024-06-06 19:15:00+02:00,195.84,195.85,195.46,195.65,7536.42,45.367583043188894,0.3467801062184666,193.3982080416017,195.7403061968825,0,0,0,0.0
2024-06-06 19:30:00+02:00,195.65,195.74,195.55,195.63,5967.52,44.764167693308224,0.32438294818725677,193.4204149267599,195.73318966805138,0,0,0,0.0
2024-06-06 19:45:00+02:00,195.63,195.71,195.44,195.48,4845.46,40.29764882756945,0.31661395558907873,193.44090831057323,195.71685485075776,1,0,0,0.0
2024-06-06 20:00:00+02:00,195.48,195.55,194.95,195.3,11059.21,35.56600082042128,0.35709767621921357,193.45940673534366,195.68996098941855,1,0,0,0.0
2024-06-06 20:15:00+02:00,195.31,195.57,195.25,195.54,6893.16,45.11359094755153,0.35179800818789636,193.48010915588753,195.68028608687544,1,0,0,0.0
2024-06-06 20:30:00+02:00,195.54,195.55,195.17,195.25,5609.78,37.6278854161925,0.3558268641610574,193.4977200100578,195.65252569417382,1,2,0,0.0
2024-06-06 20:45:00+02:00,195.24,195.47,195.18,195.24,7095.79,37.390178198204985,0.3464230264237624,193.51505612936072,195.6259111332594,1,0,0,0.0
2024-06-06 21:00:00+02:00,195.24,195.41,195.02,195.06,6994.18,33.19598774222771,0.3526483083632229,193.53042870518797,195.58940073756526,1,1,1,197.3641
2024-06-06 21:15:00+02:00,195.06,195.42,195.05,195.39,6749.79,45.621557281161735,0.3551271214541877,193.54893190215128,195.57653617385137,1,1,1,197.3742
2024-06-06 21:30:00+02:00,195.4,195.5,194.95,195.0,11964.62,36.666118779519465,0.3829661041035911,193.5633703906871,195.53934029166743,1,1,1,197.455
2024-06-06 21:45:00+02:00,195.0,195.24,194.17,194.48,38952.4,28.40545822137972,0.4811138035173669,193.57249108331712,195.47099575672115,1,2,0,0.0
2024-06-07 15:30:00+02:00,194.65,195.75,194.14,194.59,35868.17,32.0059953087744,0.6423832601577449,193.5826155501498,195.41415732080367,0,0,0,0.0
2024-06-07 15:45:00+02:00,194.59,194.81,194.43,194.68,14506.36,34.97869063667812,0.6048999372780665,193.59353479840703,195.36679233236472,1,0,0,0.0
2024-06-07 16:00:00+02:00,194.69,195.1,194.58,194.86,14687.82,40.7364671426195,0.5927713748097687,193.606136442204,195.33409605285732,1,2,0,0.0
2024-06-07 16:15:00+02:00,194.86,195.19,194.75,194.81,11764.33,39.65272218576689,0.5709468926940872,193.61811518407262,195.3002834042859,1,1,1,197.1419
2024-06-07 16:30:00+02:00,194.81,195.74,194.74,195.61,13503.15,59.02983032753916,0.632240193737789,193.63793493348484,195.32026512013843,0,0,0,0.0
2024-06-07 16:45:00+02:00,195.61,195.97,195.53,195.63,14202.93,59.39202339051653,0.6047773089181046,193.65775647643525,195.34024801561338,2,1,0,0.0
2024-06-07 17:00:00+02:00,195.63,195.64,194.91,195.27,14213.09,50.4687375948999,0.6226662647869452,193.67379870055035,195.33571588557382,0,1,0,0.0
2024-06-07 17:15:00+02:00,195.26,195.63,195.07,195.62,10703.21,57.385147242786616,0.6137139412459535,193.69316388760956,195.35405679618196,0,2,0,0.0
2024-06-07 17:30:00+02:00,195.63,195.92,195.6,195.76,12446.26,59.87532484328186,0.5717548067822449,193.71372942106618,195.38024668029925,2,1,0,0.0
2024-06-07 17:45:00+02:00,195.76,195.94,195.71,195.85,11478.98,61.482983821963664,0.522932691527637,193.73498584473717,195.4105533460864,2,2,2,193.7529
2024-06-07 18:00:00+02:00,195.86,196.19,195.79,195.83,11140.48,60.88069201149566,0.5053708784522611,193.75583175672983,195.43761442053244,2,0,0,0.0
2024-06-07 18:15:00+02:00,195.84,195.99,195.63,195.96,13872.74,63.46548749368517,0.48460361010194003,193.77776377905093,195.47131671598197,2,0,0,0.0
2024-06-07 18:30:00+02:00,195.96,196.15,195.79,195.83,9750.59,59.12476575818008,0.4668030943730934,193.79818403995588,195.49445757301538,2,0,0,0.0
2024-06-07 18:45:00+02:00,195.84,196.41,195.71,196.32,9720.45,68.2261000728461,0.5001169380340784,193.82327673607574,195.54771837475633,2,0,0,0.0
2024-06-07 19:00:00+02:00,196.32,196.34,195.96,196.27,9753.1,66.54613948295945,0.48295737545778084,193.8476222411894,195.59431718928818,2,1,0,0.0
2024-06-07 19:15:00+02:00,196.26,196.49,196.14,196.36,8306.27,68.11631104061273,0.4639634646781011,193.87262102485917,195.64371608030183,2,2,2,194.1786
2024-06-07 19:30:00+02:00,196.36,196.43,196.17,196.26,7285.57,64.38549460128937,0.4348258268669466,193.89637603953722,195.68347633318558,2,2,2,194.20829999999998
2024-06-07 19:45:00+02:00,196.26,196.58,196.17,196.5,10083.11,68.92430776493909,0.4312792801716721,193.92228274561148,195.7361552794317,2,0,0,0.0
2024-06-07 20:00:00+02:00,196.5,196.52,195.85,195.88,18973.88,50.46412258312988,0.4653822401471498,193.941762519287,195.7454355839845,2,1,0,0.0
2024-06-07 20:15:00+02:00,195.88,196.07,195.72,195.87,11190.79,50.223058450279645,0.4488990629832705,193.96094896188117,195.75347199792097,0,0,0,0.0
2024-06-07 20:30:00+02:00,195.86,195.92,195.58,195.79,7298.98,48.1773657350998,0.43334205398565684,193.9791484746983,195.7558286432164,0,0,0,0.0
2024-06-07 20:45:00+02:00,195.81,195.87,195.67,195.86,6597.18,50.1514046542079,0.4000074748448511,193.9978634152486,195.76254937591213,0,0,0,0.0
2024-06-07 21:00:00+02:00,195.87,195.98,195.77,195.91,9518.28,51.61420011874879,0.37286354986701237,194.01688964992272,195.77206231940167,0,0,0,0.0
2024-06-07 21:15:00+02:00,195.92,196.44,195.89,196.44,12624.17,64.04190031601918,0.3981687570288694,194.04100020066974,195.8151550729887,2,1,0,0.0
2024-06-07 21:30:00+02:00,196.44,196.85,196.23,196.81,22590.21,70.0156936559734,0.4298589345961744,194.068552437479,195.87933861666684,2,1,0,0.0
2024-06-07 21:45:00+02:00,196.8,196.94,196.36,196.9,42403.38,71.30415319009856,0.45130765822529006,194.0967260450663,195.9451877381722,2,2,2,194.3964
2024-06-10 15:30:00+02:00,196.88,197.3,195.67,195.98,50733.34,47.91729511267934,0.6196922784788235,194.115465089394,195.9474336905482,0,2,0,0.0
2024-06-10 15:45:00+02:00,195.99,196.04,195.12,195.41,24870.98,39.091001514843455,0.6625933815532754,194.12834603377817,195.9127605492225,0,1,0,0.0
2024-06-10 16:00:00+02:00,195.42,195.61,194.83,195.16,26061.96,35.87102635233049,0.6793657556170933,194.13861124737244,195.86419535249848,1,0,0,0.0
2024-06-10 16:15:00+02:00,195.14,195.64,195.02,195.62,14943.06,45.114016476158966,0.6708849333860767,194.15335143396575,195.84844081362763,1,0,0,0.0
2024-06-10 16:30:00+02:00,195.62,195.74,195.43,195.53,13850.05,43.74340931535335,0.6193299429023517,194.1670494296477,195.8278962450065,1,0,0,0.0
2024-06-10 16:45:00+02:00,195.53,195.58,195.37,195.39,9895.24,41.56102720799479,0.5608542367734454,194.17921809203926,195.79964487436092,1,0,0,0.0
2024-06-10 17:00:00+02:00,195.38,195.59,195.25,195.43,10039.36,42.47216826229772,0.5293036315200965,194.19166368316326,195.77579681795055,1,0,0,0.0
2024-06-10 17:15:00+02:00,195.43,195.7,195.39,195.55,9722.99,45.31424624285764,0.4979745413029402,194.2051794674104,195.7612292813086,1,0,0,0.0
2024-06-10 17:30:00+02:00,195.55,195.64,195.35,195.45,8739.92,43.33206389714337,0.4682638925453762,194.2175657413665,195.7411499728371,1,0,0,0.0
2024-06-10 17:45:00+02:00,195.45,195.48,195.07,195.23,11690.65,39.14625640320251,0.4599404793246077,194.22763971408924,195.7081725552347,1,2,0,0.0
2024-06-10 18:00:00+02:00,195.24,196.09,195.08,195.96,20831.15,55.12742513721142,0.5385204108496625,194.24487712986945,195.72441948715507,0,1,0,0.0
2024-06-10 18:15:00+02:00,195.95,196.21,195.78,195.89,16131.69,53.62692243689575,0.5230174950139974,194.2612465116618,195.735102100887,2,2,2,193.8222
2024-06-10 18:30:00+02:00,195.89,196.15,195.82,195.88,9861.23,53.39622695237952,0.4954435671548567,194.27735351154575,195.74445035244267,2,2,2,193.8618
2024-06-10 18:45:00+02:00,195.89,195.94,195.44,195.62,12743.28,47.49388031103568,0.4960944861327343,194.29071317809755,195.73642129744638,0,2,0,0.0
2024-06-10 19:00:00+02:00,195.61,196.39,195.55,195.97,22034.01,54.94334807833238,0.5452238452566258,194.3074224997085,195.75149089115953,0,0,0,0.0
2024-06-10 19:15:00+02:00,195.97,196.25,195.11,195.43,18674.98,44.19440389721474,0.6301918673628203,194.31859242508455,195.73074954334282,0,1,0,0.0
2024-06-10 19:30:00+02:00,195.44,195.61,193.4,194.42,51296.18,31.419972208959102,0.8558787434538472,194.31960145568073,195.64618505667553,1,0,0,0.0
2024-06-10 19:45:00+02:00,194.46,195.24,194.27,194.95,26154.29,41.311030828385995,0.8721817801032975,194.32587407801228,195.60126989172872,1,2,0,0.0
2024-06-10 20:00:00+02:00,194.95,196.45,194.24,194.69,60930.38,38.30010503017982,1.0632986686599664,194.32949722151466,195.54247828581074,0,0,0,0.0
2024-06-10 20:15:00+02:00,194.71,195.18,192.15,193.16,65421.41,25.93889346270562,1.3442560017085428,194.31786043324087,195.38877000930685,1,0,0,0.0
2024-06-10 20:30:00+02:00,193.15,194.3,192.33,193.68,61034.56,33.9847907194865,1.4336480014644652,194.31151356325836,195.27852678289997,1,0,0,0.0
2024-06-10 20:45:00+02:00,193.69,194.21,192.9,193.16,29977.31,30.324350757832203,1.415984001255256,194.30005571685777,195.14184763561613,1,0,0,0.0
2024-06-10 21:00:00+02:00,193.16,194.17,192.6,194.13,28861.85,43.04014386352366,1.4379862867902184,194.2983636201726,195.07656714299574,1,0,0,0.0
2024-06-10 21:15:00+02:00,194.13,194.17,192.67,192.97,26482.5,34.64004150587622,1.44684538867733,194.2851460717132,194.94065958538312,1,1,1,196.11169999999998
2024-06-10 21:30:00+02:00,192.96,193.18,192.31,192.76,28715.43,33.331508652319116,1.3644389045805692,194.26997048891008,194.7999718701971,1,0,0,0.0
2024-06-10 21:45:00+02:00,192.76,193.2,192.29,193.13,55661.87,37.92224301580797,1.2995190610690588,194.25862749897067,194.69223174953925,1,1,1,195.13199999999998
2024-06-11 15:30:00+02:00,193.69,197.73,193.63,197.06,105507.9,65.75326046949225,1.7710163380591923,194.28650185221474,194.84499099150446,0,2,0,0.0
2024-06-11 15:45:00+02:00,197.08,199.15,197.01,199.13,64274.46,72.87126027497136,1.823728289765024,194.3346958636355,195.12144318560095,2,2,2,195.0399
2024-06-11 16:00:00+02:00,199.13,199.87,198.87,199.81,76522.09,74.7842256461367,1.706052819798592,194.3891765018083,195.42393072201378,2,2,2,196.8813
2024-06-11 16:15:00+02:00,199.81,201.02,199.19,200.9,87813.24,77.59771273889861,1.7237595598273663,194.45396081522313,195.77722551414195,2,1,0,0.0
2024-06-11 16:30:00+02:00,200.92,202.86,200.88,202.18,85155.17,80.44465730530503,1.760365336994888,194.53083682701197,196.190307739036,2,0,0,0.0
2024-06-11 16:45:00+02:00,202.17,203.8,201.98,203.24,74185.17,82.4919410388984,1.7688845745670498,194.6174951670417,196.64512659458208,2,0,0,0.0
2024-06-11 17:00:00+02:00,203.24,203.96,202.39,202.73,66593.54,78.11978698016173,1.7404724924860457,194.69821660816567,197.03769907235096,2,0,0,0.0
2024-06-11 17:15:00+02:00,202.72,204.51,202.25,204.41,69187.85,81.67471812662438,1.8146907078451808,194.79485126878095,197.5133313902638,2,0,0,0.0
2024-06-11 17:30:00+02:00,204.4,205.45,204.13,204.53,81721.13,81.90800778903699,1.74402060672444,194.89171842033537,197.96601968766615,2,0,0,0.0
2024-06-11 17:45:00+02:00,204.54,204.88,204.02,204.33,38796.3,80.02150357925635,1.6177319486209463,194.98563166988427,198.37659906265543,2,0,0,0.0
2024-06-11 18:00:00+02:00,204.33,204.59,203.45,204.49,40538.98,80.42231512842861,1.5494845273893847,195.08020249903964,198.7710120263551,2,0,0,0.0
2024-06-11 18:15:00+02:00,204.5,204.83,204.1,204.23,33378.81,77.6109873041165,1.4324153091909035,195.17124526024324,199.12320479884835,2,0,0,0.0
2024-06-11 18:30:00+02:00,204.25,204.61,203.8,204.41,24472.46,78.19726391074444,1.343498836449346,195.26317316810153,199.46428836021298,2,0,0,0.0
2024-06-11 18:45:00+02:00,204.41,205.07,204.11,205.04,33602.64,80.21232377727242,1.288713288385151,195.36045502712543,199.82401169181213,2,0,0,0.0
2024-06-11 19:00:00+02:00,205.05,205.85,204.71,205.78,37459.7,82.34223433069688,1.2674685329015563,195.46413209153215,200.20826900201783,2,0,0,0.0
2024-06-11 19:15:00+02:00,205.8,206.0,204.96,205.04,34204.1,73.54624733969302,1.2349730282013327,195.55941435927812,200.5199935825328,2,0,0,0.0
2024-06-11 19:30:00+02:00,205.03,205.41,204.8,204.93,25748.69,72.27114419269577,1.1456911670297116,195.65265401739478,200.80451012559521,2,0,0,0.0
2024-06-11 19:45:00+02:00,204.94,205.34,204.44,204.99,25349.16,72.55947646092378,1.1105924288826108,195.7455629326446,201.07454173039554,2,0,0,0.0
2024-06-11 20:00:00+02:00,204.99,205.05,204.44,204.62,23827.44,67.73362881656398,1.0390792247565255,195.8338657890362,201.30328097359583,2,0,0,0.0
2024-06-11 20:15:00+02:00,204.62,205.24,204.59,205.08,24002.11,70.44863378336544,0.9834964783627369,195.92586712446868,201.5469402656219,2,2,2,202.54410000000001
2024-06-11 20:30:00+02:00,205.09,205.83,204.94,205.65,29293.82,73.51671512560345,0.9701398385966338,196.02262466551875,201.81165379687215,2,0,0,0.0
2024-06-11 20:45:00+02:00,205.65,205.93,205.45,205.6,23017.95,72.78024445702707,0.9001198616542602,196.1179219325285,202.056063229332,2,1,0,0.0
2024-06-11 21:00:00+02:00,205.59,205.72,204.75,204.79,26763.6,61.661495602952996,0.9101027385607943,196.2042112665332,202.23244624679447,2,1,0,0.0
2024-06-11 21:15:00+02:00,204.78,205.78,204.7,205.73,32194.98,67.97088916478373,0.9343737759092541,196.2989952340304,202.45809487603356,2,1,0,0.0
2024-06-11 21:30:00+02:00,205.73,206.32,205.49,206.25,42571.79,70.91315585999813,0.919463236493644,196.39801020682611,202.70273391628947,2,0,0,0.0
2024-06-11 21:45:00+02:00,206.25,207.16,205.98,207.14,92538.01,75.2388187119961,0.9566827741374101,196.504895677405,202.98900914749663,2,0,0,0.0
2024-06-12 15:30:00+02:00,207.37,212.39,206.9,211.81,159239.86,86.7377522561079,1.6042995206892061,196.65718527265471,203.5581053315291,2,0,0,0.0
2024-06-12 15:45:00+02:00,211.8,215.0,211.61,214.26,129318.94,89.56306166664318,1.8593995891621746,196.83233765800145,204.2485501488498,2,0,0,0.0
2024-06-12 16:00:00+02:00,214.26,215.99,214.21,215.11,94698.96,90.35511809971867,1.8480567907104355,197.01420494498652,204.94928884892403,2,0,0,0.0
2024-06-12 16:15:00+02:00,215.12,215.67,214.65,215.24,53966.75,90.47791767292065,1.729762963466085,197.19555613956376,205.61320569738055,2,0,0,0.0
2024-06-12 16:30:00+02:00,215.22,216.27,214.68,215.44,58943.74,90.68074445383004,1.7097968258280734,197.37709289439397,206.24719242658182,2,0,0,0.0
2024-06-12 16:45:00+02:00,215.42,216.62,215.0,216.6,52764.78,91.80559830511304,1.696968707852635,197.56836560191246,206.9151154958346,2,0,0,0.0
2024-06-12 17:00:00+02:00,216.61,218.12,216.5,217.32,76541.49,92.43530498440967,1.685973178159402,197.76489927751533,207.5863983670711,2,0,0,0.0
2024-06-12 17:15:00+02:00,217.31,218.04,217.21,217.58,45050.51,92.66157259708378,1.5636912955651994,197.9620644588336,208.23114685951813,2,0,0,0.0
2024-06-12 17:30:00+02:00,217.58,217.61,216.36,216.47,40258.68,81.1478651194232,1.5188782533415994,198.1462230214323,208.7626857718073,2,0,0,0.0
2024-06-12 17:45:00+02:00,216.45,216.9,216.18,216.51,36219.72,81.24119382107214,1.4047527885785136,198.32894717047276,209.26251249620685,2,0,0,0.0
2024-06-12 18:00:00+02:00,216.51,217.49,216.18,216.81,32300.61,81.98442113357068,1.3912166759244404,198.5128382434034,209.74944717387095,2,2,2,214.0182
2024-06-12 18:15:00+02:00,216.81,217.25,215.27,215.35,37825.36,67.518986941401,1.4753285793638047,198.68037219123025,210.1107731626535,2,2,2,213.1173
2024-06-12 18:30:00+02:00,215.33,215.97,214.86,215.9,35071.35,69.75282785813744,1.4231387823118307,198.85171177141703,210.48427166828876,2,0,0,0.0
2024-06-12 18:45:00+02:00,215.89,216.33,215.56,215.83,22088.58,69.08097529723202,1.3298332419815704,199.02064996274623,210.82915736710885,2,2,2,213.4044
2024-06-12 19:00:00+02:00,215.84,217.21,215.51,217.11,24969.13,74.14139628840793,1.382714207412777,199.20064349545524,211.23437302084378,2,2,2,213.3549
2024-06-12 19:15:00+02:00,217.12,217.36,216.78,216.93,26338.23,72.29265947195427,1.2680407492109536,199.37705500296317,211.60183282595065,2,0,0,0.0
2024-06-12 19:30:00+02:00,216.93,217.5,216.46,217.11,24677.74,73.0396202948861,1.2354634993236733,199.55350221686405,211.95719845008287,2,1,0,0.0
2024-06-12 19:45:00+02:00,217.1,217.66,217.03,217.49,24226.36,74.6431147738099,1.148968713706005,199.7319748316216,212.31415338878722,2,0,0,0.0
2024-06-12 20:00:00+02:00,217.49,218.0,216.55,217.3,50133.03,72.25562978256693,1.191973183176574,199.9067810522025,212.6358209120913,2,0,0,0.0
2024-06-12 20:15:00+02:00,217.3,219.33,217.02,218.96,56414.24,78.82918656839034,1.3516912998656352,200.0963653203398,213.04383246614995,2,1,0,0.0
2024-06-12 20:30:00+02:00,218.95,219.99,218.4,219.45,59177.86,80.35572269493046,1.3857353998848307,200.2889387997394,213.4571335973661,2,0,0,0.0
2024-06-12 20:45:00+02:00,219.46,220.12,219.03,219.78,46308.15,81.36139896872362,1.3434874856155699,200.4828797072047,213.86506046205218,2,0,0,0.0
2024-06-12 21:00:00+02:00,219.78,220.2,219.32,220.03,38855.31,82.13140837572823,1.2772749876704879,200.67737841658575,214.2627984967585,2,0,0,0.0
2024-06-12 21:15:00+02:00,220.03,220.2,217.37,217.73,53074.66,57.74521397371895,1.4990928465747015,200.8470562432864,214.48648891632246,2,0,0,0.0
2024-06-12 21:30:00+02:00,217.74,217.76,213.9,214.19,97353.9,38.29840448453676,1.8363652970640278,200.97982185280594,214.46736059914036,0,0,0,0.0
2024-06-12 21:45:00+02:00,214.18,214.73,212.83,213.25,136916.23,34.8369793860941,1.8454559689120207,201.10191317765367,214.38882120564745,0,2,0,0.0
2024-06-13 15:30:00+02:00,214.74,216.63,214.16,216.16,107344.67,50.290740006367166,2.0646765447817317,201.25174488732875,214.5030908052831,0,2,0,0.0
2024-06-13 15:45:00+02:00,216.17,216.75,213.93,214.73,54957.95,44.52520704082962,2.1725798955271975,201.38585687849962,214.51773010816808,0,0,0,0.0
2024-06-13 16:00:00+02:00,214.75,214.98,213.14,213.49,35929.08,40.09627882636405,2.1250684818804553,201.50629611353943,214.4514249398992,0,0,0,0.0
2024-06-13 16:15:00+02:00,213.45,214.25,213.16,213.85,28557.87,41.95865940727141,1.9772015558975335,201.62911903778283,214.41262333087343,1,2,0,0.0
2024-06-13 16:30:00+02:00,213.86,214.57,213.42,213.71,20898.56,41.40246848790973,1.8590299050550296,201.7493268085512,214.36729279339772,0,0,0,0.0
2024-06-13 16:45:00+02:00,213.74,214.23,212.84,212.86,20491.19,38.00402346728832,1.7920256329043092,201.85988077065517,214.27004809704948,1,0,0,0.0
2024-06-13 17:00:00+02:00,212.88,214.0,212.17,213.74,39321.13,43.35279149649173,1.7974505424894096,201.9780909122407,214.23585144562693,1,0,0,0.0
2024-06-13 17:15:00+02:00,213.75,213.93,212.86,213.45,16111.55,42.025175103956,1.693529036419493,202.09223926137264,214.1851513523607,1,0,0,0.0
2024-06-13 17:30:00+02:00,213.44,213.97,213.28,213.94,11984.93,45.17708116912401,1.5501677455024223,202.21012742792615,214.16933513607938,1,0,0,0.0
2024-06-13 17:45:00+02:00,213.93,214.07,213.58,213.74,13335.94,44.08999181006503,1.3987152104306448,202.32485252814578,214.141636095042,1,0,0,0.0
2024-06-13 18:00:00+02:00,213.75,213.75,212.5,212.88,19520.89,39.54376556053655,1.3774701803691243,202.42987887114933,214.06024021794252,1,0,0,0.0
2024-06-13 18:15:00+02:00,212.89,212.89,211.6,212.1,26291.68,35.82149159441043,1.364974440316391,202.52609898188416,213.93377310710753,1,0,0,0.0
2024-06-13 18:30:00+02:00,212.11,212.86,212.03,212.74,17623.82,40.89380603875453,1.288549520271194,202.6277298377858,213.85675548729415,1,0,0,0.0
2024-06-13 18:45:00+02:00,212.75,212.81,212.24,212.3,10752.01,38.56547146354068,1.1858995888038797,202.7239713319372,213.75631964940422,1,0,0,0.0
2024-06-13 19:00:00+02:00,212.29,212.91,212.23,212.8,10198.06,42.68573858923668,1.113628218974755,202.82423032365924,213.69462160750717,1,0,0,0.0
2024-06-13 19:15:00+02:00,212.8,213.74,212.71,213.6,17195.77,48.791406312773034,1.1016813305497901,202.93145191247856,213.688516987668,0,0,0,0.0
2024-06-13 19:30:00+02:00,213.61,213.79,212.87,213.11,12703.25,45.49318076106598,1.0757268547569612,203.03273099792656,213.65119331104427,0,2,0,0.0
2024-06-13 19:45:00+02:00,213.1,213.11,212.4,212.69,10812.72,42.74150339892601,1.0234801612202535,203.12882322680292,213.589180839364,1,1,1,215.24110000000002
2024-06-13 20:00:00+02:00,212.7,213.0,212.57,212.78,10059.97,43.55439391846801,0.9386972810459326,203.2248548364865,213.53697562392117,1,2,0,0.0
2024-06-13 20:15:00+02:00,212.77,213.41,212.7,213.19,11261.28,47.33866972423635,0.9060262408965148,203.32401050975528,213.51459009979723,1,2,0,0.0
2024-06-13 20:30:00+02:00,213.2,213.53,213.04,213.52,13056.76,50.317486386706044,0.8465939207684425,203.42546314149902,213.5149391256168,0,0,0,0.0
2024-06-13 20:45:00+02:00,213.51,214.14,213.31,213.98,19531.48,54.31954760409644,0.8442233606586628,203.5304834087478,213.54494305299636,0,1,0,0.0
2024-06-13 21:00:00+02:00,213.97,214.2,213.46,213.64,19390.7,50.94904409646974,0.8293343091359938,203.63107561363591,213.55107575925467,0,1,0,0.0
2024-06-13 21:15:00+02:00,213.63,214.4,213.22,214.33,20530.83,56.96966194050673,0.8794294078308528,203.73753257270423,213.60132893607698,0,2,0,0.0
2024-06-13 21:30:00+02:00,214.33,214.35,213.83,214.12,16896.05,54.699260088404166,0.8280823495692998,203.84084070630917,213.63479158536234,2,0,0,0.0
2024-06-13 21:45:00+02:00,214.12,214.88,213.96,214.13,54218.93,54.794580911912156,0.8412134424879695,203.94322040077375,213.66674051533897,2,1,0,0.0
2024-06-14 15:30:00+02:00,213.82,215.17,213.31,214.55,44214.59,58.83661822355565,0.9867543792754002,204.04876049628845,213.72372499822035,0,2,0,0.0
2024-06-14 15:45:00+02:00,214.55,214.69,213.18,213.75,22930.27,49.47422268706321,1.0615037536646275,204.14529024259403,213.7254201596255,0,0,0,0.0
2024-06-14 16:00:00+02:00,213.74,213.74,212.62,212.72,23565.89,40.30034794012166,1.0712889317125371,204.23061073769261,213.66055434287546,0,2,0,0.0
2024-06-14 16:15:00+02:00,212.71,214.64,212.62,213.39,27461.15,47.35572236079976,1.2068190843250293,204.32174893930764,213.6430992239803,0,0,0,0.0
2024-06-14 16:30:00+02:00,213.39,213.65,212.66,213.6,18677.7,49.436783971560956,1.175844929421455,204.41406984538418,213.6403186288848,0,0,0,0.0
2024-06-14 16:45:00+02:00,213.59,213.92,213.06,213.11,13002.95,44.84115620285862,1.130724225218388,204.50059651358933,213.6061045237955,0,0,0,0.0
2024-06-14 17:00:00+02:00,213.12,213.73,212.85,213.66,14250.32,50.571683116638404,1.0949064787586178,204.5917348567377,213.60958165129256,0,1,0,0.0
2024-06-14 17:15:00+02:00,213.65,213.85,213.52,213.59,16270.46,49.83945645087054,0.9856341246502416,204.6812698332876,213.60831831895112,0,1,0,0.0
2024-06-14 17:30:00+02:00,213.59,213.82,212.85,212.89,17523.37,42.9325673462603,0.9834006782716356,204.76294874041906,213.56197520159947,0,0,0,0.0
2024-06-14 17:45:00+02:00,212.9,212.94,212.45,212.55,13521.85,39.945049443266484,0.9129148670899746,204.84043183752934,213.49668647891565,1,1,1,215.0694
2024-06-14 18:00:00+02:00,212.54,212.55,212.03,212.12,17746.29,36.38696300060508,0.8567841717914082,204.9128653515838,213.40786799640497,1,1,1,214.6755
2024-06-14 18:15:00+02:00,212.12,212.29,211.67,211.75,19024.76,33.53137436253432,0.8229578615354934,204.98089654211532,213.30090877083046,1,2,0,0.0
2024-06-14 18:30:00+02:00,211.75,211.92,211.3,211.43,18087.58,31.179950091312755,0.7939638813161338,205.04506672577588,213.180204979164,1,0,0,0.0
2024-06-14 18:45:00+02:00,211.44,212.19,211.33,212.18,14831.46,41.80713334412341,0.8033976125566841,205.11606108671344,213.11567562566955,1,0,0,0.0
2024-06-14 19:00:00+02:00,212.19,212.28,211.58,211.66,9972.41,37.3624748931919,0.7886265250485848,205.18117490674615,213.02176106917474,1,0,0,0.0
2024-06-14 19:15:00+02:00,211.66,211.96,211.35,211.78,12850.55,39.02465344482775,0.763108450041646,205.2468348579228,212.94164745180865,1,1,1,214.0796
2024-06-14 19:30:00+02:00,211.78,212.31,211.76,212.16,14117.0,44.23168761548887,0.7326643857499838,205.3156225707793,212.89121858395004,1,0,0,0.0
2024-06-14 19:45:00+02:00,212.14,212.45,211.97,212.37,11544.66,47.010256429144064,0.6965694734999847,205.3858153810203,212.8575915785339,1,0,0,0.0
2024-06-14 20:00:00+02:00,212.37,212.39,211.69,211.88,9501.36,41.632507753727005,0.6970595487142709,205.45043413344797,212.79452115411237,1,0,0,0.0
2024-06-14 20:15:00+02:00,211.88,212.39,211.74,212.23,9640.6,46.49061703329529,0.6903367560408004,205.51789250027934,212.75810043449223,1,1,1,214.51389999999998
2024-06-14 20:30:00+02:00,212.23,212.23,211.68,211.99,8910.77,43.71819611329379,0.6702886480349692,205.58229157987859,212.70854556775083,1,2,0,0.0
2024-06-14 20:45:00+02:00,211.99,212.35,211.8,212.17,9961.09,46.382706974883675,0.6531045554585427,205.64784091739224,212.67380069241207,1,0,0,0.0
2024-06-14 21:00:00+02:00,212.16,212.35,211.88,211.92,8840.44,43.22474483707167,0.6269467618216079,205.71025046050278,212.62516838967582,1,0,0,0.0
2024-06-14 21:15:00+02:00,211.92,212.39,211.79,212.37,13001.33,50.029251971872135,0.6230972244185203,205.7765166250749,212.60870591292255,1,0,0,0.0
2024-06-14 21:30:00+02:00,212.38,212.59,211.85,211.86,14865.25,43.46884432693538,0.6397976209301616,205.83704879795974,212.5604023056372,0,0,0,0.0
2024-06-14 21:45:00+02:00,211.85,212.59,211.42,212.52,48646.55,52.43707241297738,0.7155408179401407,205.90354582484574,212.55779570527355,0,1,0,0.0
2024-06-17 15:30:00+02:00,213.36,214.44,212.72,213.72,58814.64,63.9808317107422,0.8876064153772616,205.98132148828012,212.63277662751398,2,0,0,0.0
2024-06-17 15:45:00+02:00,213.72,214.8,212.96,213.55,35636.16,61.62648067454898,1.023662641751939,206.05663172222756,212.6919523289647,2,0,0,0.0
2024-06-17 16:00:00+02:00,213.54,216.09,213.53,215.9,52505.16,75.48322306012017,1.243139407215948,206.15457568519048,212.89892314645087,2,0,0,0.0
2024-06-17 16:15:00+02:00,215.91,216.49,215.2,216.09,34626.58,76.25354372626343,1.2498337776136725,206.25343562862142,213.10479907248632,2,1,0,0.0
2024-06-17 16:30:00+02:00,216.09,216.4,215.31,215.57,24189.45,69.60319271964978,1.2270003808117198,206.34613776166998,213.26384429361624,2,1,0,0.0
2024-06-17 16:45:00+02:00,215.57,217.02,215.51,216.88,26993.77,75.56769733456315,1.2674288978386197,206.45095231130512,213.49714466177005,2,2,2,213.3549
2024-06-17 17:00:00+02:00,216.88,217.33,216.15,216.39,28859.58,69.86975676420407,1.2549390552902462,206.54984830820757,213.68378049004298,2,0,0,0.0
2024-06-17 17:15:00+02:00,216.39,216.79,216.15,216.33,16692.99,69.1602590531592,1.167090618820209,206.64716325041448,213.85450432939507,2,0,0,0.0
2024-06-17 17:30:00+02:00,216.34,216.83,216.09,216.62,15351.24,70.75509571194495,1.1060776732744662,206.74639545687802,214.03292340491797,2,2,2,213.9291
2024-06-17 17:45:00+02:00,216.62,218.0,215.82,216.34,21379.51,67.03605071223913,1.259495148520972,206.8418542085509,214.1817670562136,2,1,0,0.0
2024-06-17 18:00:00+02:00,216.34,216.49,216.18,216.34,11433.69,67.03605071223913,1.123852984446548,206.93636312189867,214.32100789129663,2,2,2,214.0182
2024-06-17 18:15:00+02:00,216.34,216.82,216.26,216.54,12010.74,68.49628462718667,1.0433025580970414,207.0319216978002,214.46416867250332,2,0,0,0.0
2024-06-17 18:30:00+02:00,216.54,216.76,216.13,216.63,12949.85,69.17893885626397,0.9842593355117492,207.12742496448874,214.60389972589022,2,0,0,0.0
2024-06-17 18:45:00+02:00,216.63,217.27,216.62,217.07,15506.23,72.4247692516096,0.9365080018672144,207.22635605936946,214.76300296938118,2,0,0,0.0
2024-06-17 19:00:00+02:00,217.08,217.4,216.8,217.14,11564.88,72.92872203485554,0.8884354301718973,207.32499928265932,214.91635761651787,2,0,0,0.0
2024-06-17 19:15:00+02:00,217.14,218.1,217.13,217.82,22220.66,77.38897341831358,0.9000875115759117,207.42942715049355,215.10368938319417,2,1,0,0.0
2024-06-17 19:30:00+02:00,217.83,218.75,217.75,218.19,19459.67,79.43722201865984,0.9143607242079244,207.53649752710555,215.30280619718164,2,0,0,0.0
2024-06-17 19:45:00+02:00,218.2,218.37,217.87,217.94,14125.41,74.37888430663462,0.8551663350353638,207.64001496464678,215.47294773284736,2,0,0,0.0
2024-06-17 20:00:00+02:00,217.92,218.75,217.87,217.87,17421.86,72.93401222275172,0.8587140014588827,207.74180586052094,215.62759626621207,2,0,0,0.0
2024-06-17 20:15:00+02:00,217.87,218.6,217.87,218.35,17464.36,76.42348656463736,0.8403262869647551,207.847360031063,215.80323521677906,2,2,2,215.6913
2024-06-17 20:30:00+02:00,218.35,218.57,218.02,218.32,13547.02,75.74533073089424,0.7988511031126447,207.95156540388825,215.9656071382772,2,2,2,215.8398
2024-06-17 20:45:00+02:00,218.33,218.95,218.24,218.71,19415.09,78.50096999217232,0.786158088382264,208.05861450434708,216.14266474225934,2,1,0,0.0
2024-06-17 21:00:00+02:00,218.71,218.71,217.96,218.21,15503.63,67.56598899392144,0.7809926471847977,208.1596233152491,216.2760412105007,2,0,0,0.0
2024-06-17 21:15:00+02:00,218.27,218.66,218.07,218.16,19786.85,66.5361760698925,0.7537079833012557,208.2591295509183,216.39758693885548,2,1,0,0.0
2024-06-17 21:30:00+02:00,218.16,218.34,217.03,217.33,34713.74,51.93583774078385,0.8331782714010766,208.3493869683221,216.45774262021968,2,2,2,214.8597
2024-06-17 21:45:00+02:00,217.34,217.4,215.48,216.71,65074.87,43.93419989495133,0.9884385183437823,208.4325771477418,216.47401728988294,0,1,0,0.0
2024-06-18 15:30:00+02:00,217.61,218.63,215.3,216.05,76366.02,37.162121387070606,1.3229473014375253,208.50837240000308,216.44666133569694,0,2,0,0.0
2024-06-18 15:45:00+02:00,216.04,216.65,214.52,214.67,41119.25,27.363191441145208,1.438240544089307,208.56968212736624,216.3320380237165,0,0,0,0.0
2024-06-18 16:00:00+02:00,214.68,215.96,214.44,215.31,33232.85,36.05205761756414,1.4499204663622645,208.63674996689494,216.26610008670258,1,2,0,0.0
2024-06-18 16:15:00+02:00,215.32,215.67,214.89,215.33,23338.18,36.31656654614573,1.3542175425962266,208.7033494697119,216.2057065327218,1,0,0,0.0
2024-06-18 16:30:00+02:00,215.31,215.62,215.17,215.37,18737.72,36.89660127662983,1.2250436079396252,208.76968430085904,216.15178998222365,1,1,1,217.77620000000002
2024-06-18 16:45:00+02:00,215.37,215.5,215.02,215.5,15239.24,38.90600366611668,1.1186088068053917,208.8366526162734,216.10973901562858,1,0,0,0.0
2024-06-18 17:00:00+02:00,215.5,215.82,214.17,214.19,27189.86,28.680472107032223,1.1945218344046222,208.88991975441994,215.98588488558804,1,0,0,0.0
2024-06-18 17:15:00+02:00,214.2,214.41,213.44,214.35,29273.04,31.13667061724839,1.1624472866325333,208.94424891109236,215.88034392522752,1,1,1,216.5541
2024-06-18 17:30:00+02:00,214.36,214.44,213.75,213.95,13964.53,28.41806044909774,1.0949548171135997,208.9940573796387,215.75580560747093,1,2,0,0.0
2024-06-18 17:45:00+02:00,213.94,214.37,213.41,213.59,16539.39,26.13606407205536,1.0756755575259438,209.03978815198062,215.61607621344055,1,0,0,0.0
2024-06-18 18:00:00+02:00,213.58,214.03,213.31,213.41,14013.04,25.01988636411884,1.0248647635936659,209.08327284698578,215.47374871579925,1,0,0,0.0
2024-06-18 18:15:00+02:00,213.42,213.47,213.0,213.22,18049.83,23.826471411218012,0.9455983687945706,209.12443431119488,215.32834557284446,1,1,1,215.6047
2024-06-18 18:30:00+02:00,213.22,213.88,213.21,213.52,12319.37,29.708587069617927,0.9062271732524874,209.1681712832228,215.2116781165319,1,0,0,0.0
2024-06-18 18:45:00+02:00,213.53,214.23,213.23,214.2,12238.67,41.15312006938939,0.9196232913592749,209.2182392306534,215.14640856062664,1,0,0,0.0
2024-06-18 19:00:00+02:00,214.18,214.2,213.64,213.83,15068.72,37.46525674275966,0.8682485354508074,209.2641273975126,215.06147897607008,1,2,0,0.0
2024-06-18 19:15:00+02:00,213.83,214.05,213.54,213.65,11153.26,35.73430233354435,0.8170701732435519,209.30776792092044,214.97041581632362,1,1,1,216.19050000000001
2024-06-18 19:30:00+02:00,213.66,214.06,213.41,213.84,11267.77,39.03767105794717,0.7932030056373309,209.3528647575282,214.89748576365758,1,0,0,0.0
2024-06-18 19:45:00+02:00,213.84,213.96,213.52,213.58,10054.96,36.20785708878719,0.7427454334034262,209.394925804717,214.8124866821313,1,0,0,0.0
2024-06-18 20:00:00+02:00,213.58,213.69,213.06,213.43,12245.73,34.60007768329068,0.7266389429172219,209.43507579670984,214.72329399296154,1,1,1,215.8269
2024-06-18 20:15:00+02:00,213.43,213.98,213.42,213.72,11186.14,40.295128890740976,0.7028333796433334,209.47771185843413,214.65856534825434,1,0,0,0.0
2024-06-18 20:30:00+02:00,213.73,214.04,213.52,213.52,11209.13,37.774501609908626,0.6767143254085689,209.51793363098705,214.58510951933474,1,1,1,216.1804
2024-06-18 20:45:00+02:00,213.53,213.98,213.4,213.87,11352.35,44.52241042926244,0.6628979932073424,209.5612377739623,214.53897342131316,1,0,0,0.0
2024-06-18 21:00:00+02:00,213.87,214.51,213.81,214.44,19162.55,53.62296929457941,0.6681982798920062,209.60978267173383,214.532588039293,1,0,0,0.0
2024-06-18 21:15:00+02:00,214.44,214.91,214.39,214.65,17096.18,56.54126622264078,0.6470270970502925,209.65993408793548,214.5401630044999,0,2,0,0.0
2024-06-18 21:30:00+02:00,214.65,215.1,214.64,214.96,18827.61,60.607055552727644,0.6203089403288232,209.7126710621849,214.56724926227412,2,0,0,0.0
2024-06-18 21:45:00+02:00,214.96,215.04,213.91,214.38,46112.34,50.73896363857195,0.6931219488532764,209.75911214614328,214.55516866470808,0,0,0,0.0
2024-06-20 15:30:00+02:00,213.96,214.24,212.27,213.69,58124.59,41.75280220227781,0.8955330990170919,209.79822545812195,214.49935133150112,1,2,0,0.0
2024-06-20 15:45:00+02:00,213.66,213.69,212.62,212.82,27398.2,33.452577311114155,0.9204569420146492,209.82829286649886,214.3910060843075,1,2,0,0.0
2024-06-20 16:00:00+02:00,212.82,213.15,212.32,212.33,26648.4,29.751354029171363,0.907534521726844,209.8531854747924,214.25803794983605,1,2,0,0.0
2024-06-20 16:15:00+02:00,212.33,212.33,211.48,211.64,26262.9,25.36106001663511,0.8993153043372981,209.87096472379946,214.0891322756531,1,0,0,0.0
2024-06-20 16:30:00+02:00,211.63,211.97,210.83,210.86,24940.9,21.395440029351732,0.9336988322891108,209.88080587082632,213.88080116109484,1,2,0,0.0
2024-06-20 16:45:00+02:00,210.86,211.28,210.1,211.21,32556.37,27.080296683118753,0.9688847133906674,209.89403168305694,213.70849140876615,1,0,0,0.0
2024-06-20 17:00:00+02:00,211.22,211.33,210.26,210.28,18971.42,22.31544195282699,0.9833297543348608,209.89787216382254,213.4872984146522,1,2,0,0.0
2024-06-20 17:15:00+02:00,210.28,210.34,209.53,209.53,25531.21,19.276271329871435,0.9585683608584524,209.89421174428202,213.23198883951338,1,1,1,212.4434
2024-06-20 17:30:00+02:00,209.54,210.66,209.42,210.39,25006.37,31.212187675900676,0.9987728807358176,209.89914496075684,213.0486347208351,1,2,0,0.0
2024-06-20 17:45:00+02:00,210.4,211.18,210.02,210.87,20556.63,36.99001069690722,1.021805326344986,209.90880520990353,212.90807764207156,1,0,0,0.0
2024-06-20 18:00:00+02:00,210.88,211.04,210.63,210.7,12734.15,35.806479961772006,0.9344045654385589,209.91667779487963,212.76562102000244,1,0,0,0.0
2024-06-20 18:15:00+02:00,210.71,210.77,209.52,209.53,16819.69,28.76773559082829,0.9794896275187648,209.91283025463207,212.5568712767765,1,0,0,0.0
2024-06-20 18:30:00+02:00,209.53,210.04,209.32,209.72,16605.51,31.207782106378016,0.9424196807303696,209.91091154563077,212.37384732343608,1,1,1,212.1404
2024-06-20 18:45:00+02:00,209.72,210.22,209.66,209.9,12183.35,33.60194187178671,0.8877882977688886,209.91080297303745,212.21424427031118,1,2,0,0.0
2024-06-20 19:00:00+02:00,209.9,210.24,209.25,210.2,12819.98,37.62216670667051,0.9023899695161914,209.91368055539527,212.0842930270653,1,0,0,0.0
2024-06-20 19:15:00+02:00,210.19,210.29,209.13,209.38,12108.66,31.778579467391275,0.9391914024424494,209.90837030111274,211.90982250919015,1,2,0,0.0
2024-06-20 19:30:00+02:00,209.37,210.29,209.21,210.28,14756.46,42.64303652160131,0.95930691637924,209.91206810906186,211.80467266988757,1,1,1,212.3929
2024-06-20 19:45:00+02:00,210.27,210.35,209.66,209.8,10687.27,38.965757290511405,0.9208344997536341,209.91095300349906,211.67533894924966,1,2,0,0.0
2024-06-20 20:00:00+02:00,209.79,210.61,209.74,210.18,13265.61,43.26902701935619,0.9135724283602584,209.91363008804137,211.57886546865294,1,0,0,0.0
2024-06-20 20:15:00+02:00,210.17,210.55,209.97,210.04,10989.21,42.05522759989596,0.8659192243087946,209.9148875001007,211.47958382551406,1,0,0,0.0
2024-06-20 20:30:00+02:00,210.04,210.1,209.43,209.85,13900.04,40.348439543628196,0.8379307636932508,209.91424185333352,211.37444938515833,1,0,0,0.0
2024-06-20 20:45:00+02:00,209.84,210.17,209.57,210.02,15785.94,42.66186741206544,0.8039406545942142,209.91529417320083,211.28706555385781,1,0,0,0.0
2024-06-20 21:00:00+02:00,210.02,210.05,209.3,209.84,19079.13,40.8003007508909,0.7962348467950406,209.9145449774476,211.19370648586698,1,0,0,0.0
2024-06-20 21:15:00+02:00,209.84,209.9,209.16,209.68,16780.04,39.1145921405684,0.7882012972528933,209.9122111965775,211.09604800290785,1,0,0,0.0
2024-06-20 21:30:00+02:00,209.67,209.75,209.29,209.39,19586.46,36.110021663882925,0.7413153976453383,209.90701506526827,210.98598038981703,1,0,0,0.0
2024-06-20 21:45:00+02:00,209.39,209.73,208.85,209.68,53808.39,41.134190236357476,0.7611274836960036,209.90475620889745,210.901723590474,1,0,0,0.0
2024-06-21 15:30:00+02:00,210.45,211.89,209.85,210.3,164197.48,50.39965737901447,0.9681092717394287,209.9086889829383,210.86290271366923,0,0,0,0.0
2024-06-21 15:45:00+02:00,210.25,211.09,210.05,210.43,24735.39,52.15417369161726,0.978379375776652,209.91387615723744,210.83497350633573,0,0,0,0.0
2024-06-21 16:00:00+02:00,210.44,211.15,209.58,211.02,27199.97,59.39684342436994,1.062896607808558,209.92488236462813,210.8469106994754,0,0,0,0.0
2024-06-21 16:15:00+02:00,211.04,211.48,210.48,210.82,16248.31,56.19299279672189,1.0539113781216212,209.93378900776617,210.84517452531568,0,1,0,0.0
2024-06-21 16:30:00+02:00,210.83,211.27,210.42,210.68,10931.48,53.930441668861114,1.024781181247107,209.94121399276355,210.8345181043276,0,1,0,0.0
2024-06-21 16:45:00+02:00,210.69,211.44,210.67,211.06,16345.06,58.91895126973218,0.9883838696403789,209.95234619184052,210.84906532340327,0,2,0,0.0
2024-06-21 17:00:00+02:00,211.06,211.3,210.67,210.93,11942.2,56.589725443752,0.9371861739774711,209.96207409042918,210.85428691544178,0,0,0,0.0
2024-06-21 17:15:00+02:00,210.93,211.04,210.63,210.82,12414.7,54.561799471696766,0.8618738634092604,209.97061066664384,210.85207485638102,0,1,0,0.0
2024-06-21 17:30:00+02:00,210.82,211.36,210.72,211.31,10574.64,61.40697001507788,0.8301775972079396,209.98393792369217,210.88161841403385,0,2,0,0.0
2024-06-21 17:45:00+02:00,211.31,211.63,211.1,211.27,11849.29,60.579203019719515,0.7872950833210913,209.9967345612674,210.9066752905478,2,0,0,0.0
2024-06-21 18:00:00+02:00,211.28,211.5,210.97,211.19,9667.91,58.81729602821873,0.75053864284665,210.008607849215,210.92495430406086,2,0,0,0.0
2024-06-21 18:15:00+02:00,211.18,211.36,210.93,211.1,6440.35,56.75397996608002,0.7047474081542724,210.0194674726059,210.93624757476664,0,2,0,0.0
2024-06-21 18:30:00+02:00,211.09,211.11,209.85,210.39,35503.76,43.40674622434115,0.7840692069893791,210.02315436342573,210.90100579574943,0,2,0,0.0
2024-06-21 18:45:00+02:00,210.4,210.54,209.86,210.22,15670.29,40.850845082721996,0.7692021774194647,210.02511302647625,210.85706993795915,1,1,1,212.6454
2024-06-21 19:00:00+02:00,210.23,210.47,210.0,210.39,9708.73,44.48304660066646,0.7264590092166838,210.02874374263072,210.8269363935747,1,2,0,0.0
2024-06-21 19:15:00+02:00,210.38,210.45,209.91,210.06,9959.08,39.280447861580775,0.6998220079000136,210.02905475016675,210.77745662624733,1,0,0,0.0
2024-06-21 19:30:00+02:00,210.06,210.27,209.95,210.26,10448.61,43.713507179570804,0.6455617210571576,210.03135271285166,210.74407232777978,1,1,1,212.3727
2024-06-21 19:45:00+02:00,210.25,210.63,210.15,210.3,9762.44,44.612129369098966,0.6219100466204193,210.03402582018649,210.7154225001811,1,0,0,0.0
2024-06-21 20:00:00+02:00,210.3,210.51,210.09,210.43,8083.91,47.63128643292803,0.5930657542460719,210.03796586177668,210.6970081453307,1,0,0,0.0
2024-06-21 20:15:00+02:00,210.43,210.98,210.41,210.84,10588.82,56.030206668858746,0.589770646496632,210.04594630096298,210.70623342627712,0,1,0,0.0
2024-06-21 20:30:00+02:00,210.84,210.85,209.97,210.13,18745.52,42.81719667372334,0.6312319827113982,210.04678265617727,210.66905707619475,0,2,0,0.0
2024-06-21 20:45:00+02:00,210.13,210.32,209.99,210.16,16257.56,43.443354165085346,0.5881988423240534,210.04790919691183,210.6362146841822,1,1,1,212.4232
2024-06-21 21:00:00+02:00,210.17,210.97,210.13,210.48,22461.04,49.940079525634694,0.6241704362777606,210.05220860788785,210.62613631746075,0,2,0,0.0
2024-06-21 21:15:00+02:00,210.48,210.77,210.39,210.42,19988.92,48.77287232470558,0.5892889453809411,210.0558682237298,210.6128372002052,0,2,0,0.0
2024-06-21 21:30:00+02:00,210.42,210.85,209.98,210.53,29133.49,51.10095311889158,0.6293905246122359,210.0605859528469,210.60749286470812,0,0,0,0.0
2024-06-21 21:45:00+02:00,210.53,210.75,207.11,207.12,140768.92,19.919519321485577,1.0594775925247717,210.03132639112704,210.38249332504955,0,0,0,0.0
2024-06-24 15:30:00+02:00,207.67,208.06,206.59,207.51,48260.67,25.682238039603956,1.1181236507355183,210.0062385663397,210.19717117504635,1,2,0,0.0
2024-06-24 15:45:00+02:00,207.53,208.77,207.2,208.7,27135.69,40.257705545363606,1.1826774149161616,209.99324116766965,210.1005794863337,1,2,0,0.0
2024-06-24 16:00:00+02:00,208.7,209.38,208.5,208.89,21081.39,42.26643915197309,1.1394377842138521,209.98226364361324,210.02247758398957,1,1,1,211.4738
2024-06-24 16:15:00+02:00,208.9,209.56,208.89,209.01,19833.88,43.597278529767145,1.0723752436118754,209.97258937850268,209.95715644953862,1,1,1,211.6556
2024-06-24 16:30:00+02:00,209.01,209.96,208.92,209.74,19965.79,51.20071409185336,1.0677502088101818,209.97027505632852,209.94314635602,0,0,0,0.0
2024-06-24 16:45:00+02:00,209.75,210.79,209.31,210.57,27382.3,58.30201061454696,1.1266430361230115,209.97624246870336,209.9835885265994,0,0,0,0.0
2024-06-24 17:00:00+02:00,210.56,211.95,210.56,211.85,30630.74,66.6243171531291,1.1642654595340078,209.9948868222486,210.1040021700446,2,1,0,0.0
2024-06-24 17:15:00+02:00,211.84,212.7,211.61,212.37,36949.65,69.38265224942249,1.1536561081720031,210.0185197891914,210.25019557842882,2,1,0,0.0
2024-06-24 17:30:00+02:00,212.37,212.62,211.81,212.24,21173.25,67.82558309735658,1.104562378433146,210.04062406989596,210.37857005723987,2,0,0,0.0
2024-06-24 17:45:00+02:00,212.23,212.58,211.58,211.85,16462.68,63.104960834574364,1.0896248957998396,210.05862781049402,210.4735010212889,2,0,0,0.0
2024-06-24 18:00:00+02:00,211.83,211.85,210.82,211.01,18203.74,54.094784708491886,1.0811070535427199,210.06809420043936,210.50811385862514,2,0,0,0.0
2024-06-24 18:15:00+02:00,211.02,211.33,210.63,210.91,14735.68,53.09206941944857,1.0266631887509052,210.0764713725743,210.53404199677834,2,2,2,208.5237
2024-06-24 18:30:00+02:00,210.91,211.0,210.33,210.47,11260.11,48.68055290311413,0.9757113046436313,210.0803870803099,210.5299102550507,0,0,0,0.0
2024-06-24 18:45:00+02:00,210.46,210.5,209.54,209.77,16657.81,42.44609306010693,0.9734668325516852,210.0772986516501,210.48088378698293,0,1,0,0.0
2024-06-24 19:00:00+02:00,209.77,210.18,209.39,209.58,14608.91,40.86762506158938,0.9472572850443045,210.07235040636007,210.42276225233888,1,2,0,0.0
2024-06-24 19:15:00+02:00,209.56,210.15,209.51,210.01,10380.49,45.92438005401906,0.9033633871808345,210.07173000430674,210.39613242960738,1,2,0,0.0
2024-06-24 19:30:00+02:00,210.0,210.09,209.23,209.55,11171.48,41.68702939567862,0.8971686175835744,210.0665386609803,210.34154324060046,1,0,0,0.0
2024-06-24 19:45:00+02:00,209.56,209.81,209.18,209.26,10012.91,39.156274290149476,0.8590016722144916,210.05851340067207,210.2717662573359,1,1,1,211.9081
2024-06-24 20:00:00+02:00,209.25,209.29,208.88,209.21,10823.26,38.70612316054392,0.7948585761838495,210.0500704812624,210.20326520847556,1,2,0,0.0
2024-06-24 20:15:00+02:00,209.21,209.4,208.9,209.38,10817.45,41.257337891328284,0.7527359224432996,210.04340311328966,210.1501513240578,1,2,0,0.0
2024-06-24 20:30:00+02:00,209.38,209.51,208.52,208.78,13850.84,35.46802814289382,0.7866307906656826,210.03083193803306,210.06175446444118,1,1,1,211.6051
2024-06-24 20:45:00+02:00,208.78,209.51,208.68,208.85,12404.04,36.620886690136686,0.7928263919991542,210.01908236651036,209.98357675705788,1,2,0,0.0
2024-06-24 21:00:00+02:00,208.84,209.1,208.76,208.95,9450.21,38.36857017338657,0.7281369074278469,210.0084447310227,209.91689438563478,1,2,0,0.0
2024-06-24 21:15:00+02:00,208.96,209.06,208.61,208.86,9627.26,37.33894612200043,0.6884030635095815,209.99701742026627,209.8487076510777,1,0,0,0.0
2024-06-24 21:30:00+02:00,208.85,208.86,207.84,208.32,19935.45,31.67268387604152,0.7357740544367856,209.98033067976613,209.75008135100816,1,0,0,0.0
2024-06-24 21:45:00+02:00,208.32,208.91,207.86,208.15,50300.07,30.07618012267691,0.7806634752315281,209.96211843419633,209.64685029610442,1,1,1,210.9991
2024-06-25 15:30:00+02:00,209.14,211.38,208.61,210.31,56501.33,59.14755033283541,1.130568693055594,209.96557994231378,209.68963414796866,0,2,0,0.0
2024-06-25 15:45:00+02:00,210.3,210.48,209.63,210.11,22000.37,56.72138218613485,1.0904874511905083,209.96701695781317,209.7167545255191,0,0,0,0.0
2024-06-25 16:00:00+02:00,210.11,210.72,209.61,209.79,18138.25,52.86624306063316,1.0932749581632906,209.96525559504886,209.72148004000175,0,0,0,0.0
2024-06-25 16:15:00+02:00,209.79,210.23,209.32,209.8,14377.26,52.97721396352436,1.06709282128282,209.96361126076977,209.7265458438726,0,0,0,0.0
2024-06-25 16:30:00+02:00,209.8,210.16,209.53,209.6,12381.75,50.34327323890566,1.0046509896709879,209.95999323827456,209.71838159588083,0,0,0,0.0
2024-06-25 16:45:00+02:00,209.61,209.97,209.2,209.3,9992.05,46.49085717560378,0.9711294197179912,209.95342614137633,209.69138923485627,0,0,0,0.0
2024-06-25 17:00:00+02:00,209.29,209.92,209.29,209.92,9460.01,54.48816804825437,0.9223966454725632,209.9530935429547,209.70613831647844,0,0,0,0.0
2024-06-25 17:15:00+02:00,209.93,210.26,209.57,209.71,10906.31,51.58656694984264,0.8891971246907681,209.9506747017313,209.70638745735081,0,0,0,0.0
2024-06-25 17:30:00+02:00,209.72,210.18,209.71,210.06,6717.63,55.93229161800952,0.8293118211635153,209.95176251564442,209.72920116977983,0,1,0,0.0
2024-06-25 17:45:00+02:00,210.06,210.48,209.98,210.33,8389.99,59.08061029242692,0.7822672752830131,209.9555260727027,209.76796238463274,2,0,0,0.0
2024-06-25 18:00:00+02:00,210.32,210.49,209.97,210.15,6975.88,56.111175341858264,0.7448005216711555,209.9574611366559,209.79260997272095,2,0,0,0.0
2024-06-25 18:15:00+02:00,210.14,210.23,209.83,210.03,5241.44,54.09712974845252,0.6955433042895586,209.95818291639068,209.8079254583519,2,0,0,0.0
2024-06-25 18:30:00+02:00,210.03,210.16,209.78,210.0,6409.21,53.56307846791534,0.6504656893910495,209.95859900677485,209.8203173642647,0,0,0,0.0
2024-06-25 18:45:00+02:00,210.0,210.08,209.53,209.72,5841.01,48.58870561585891,0.6361134480494727,209.95622488730447,209.81384527624763,0,0,0,0.0
2024-06-25 19:00:00+02:00,209.72,209.89,209.38,209.83,7472.54,50.59163408705449,0.618097241185261,209.9549689182766,209.81488751648973,0,0,0,0.0
2024-06-25 19:15:00+02:00,209.82,210.19,209.71,210.12,7655.34,55.652646607465556,0.5983690638730794,209.95661101859227,209.83457219284526,0,2,0,0.0
2024-06-25 19:30:00+02:00,210.12,210.27,209.94,210.21,6961.1,57.165620396364986,0.560030626176927,209.95913230198937,209.85879334169397,2,0,0,0.0
2024-06-25 19:45:00+02:00,210.22,210.39,210.04,210.28,7254.19,58.3923529095194,0.5300262510087937,209.9623250154024,209.8859679648105,2,1,0,0.0
2024-06-25 20:00:00+02:00,210.28,210.43,210.04,210.14,6495.45,54.8984943878767,0.5100225008646825,209.9640929256969,209.90235712837114,2,0,0,0.0
2024-06-25 20:15:00+02:00,210.14,210.68,210.13,210.66,6747.48,63.83009848509522,0.5157335721697295,209.97101737419743,209.95123731363753,2,0,0,0.0
2024-06-25 20:30:00+02:00,210.66,210.67,210.23,210.47,6177.81,59.080161522363554,0.5049144904311964,209.9759823754492,209.98470587404802,2,0,0,0.0
2024-06-25 20:45:00+02:00,210.46,210.56,209.89,210.46,9435.61,58.824172085710096,0.5284981346553135,209.98079847121588,210.01537001120624,0,1,0,0.0
2024-06-25 21:00:00+02:00,210.45,210.45,210.16,210.19,5601.31,52.05736484142641,0.4958555439902703,209.98288007846747,210.02663646209618,2,2,2,208.0584
2024-06-25 21:15:00+02:00,210.19,210.35,209.96,210.14,8118.65,50.853676460057436,0.48073332342022973,209.98444346077127,210.03395023873514,0,0,0,0.0
2024-06-25 21:30:00+02:00,210.14,210.14,209.75,209.9,8976.55,45.27090565191899,0.46777142007448064,209.98360322733078,210.02530828784901,0,0,0,0.0
2024-06-25 21:45:00+02:00,209.91,210.05,208.82,209.08,34379.4,31.95379541457936,0.5766612172067003,209.9746121504419,209.9643206563749,0,2,0,0.0
2024-06-26 15:30:00+02:00,211.5,212.4,210.64,210.97,47263.56,61.190725858622926,0.9685667576057421,209.98451650715396,210.0292031946733,2,2,2,208.53359999999998
2024-06-26 15:45:00+02:00,210.95,211.93,210.9,211.53,21987.92,66.0001063749319,0.9773429350906362,209.99989445235641,210.126028795017,2,0,0,0.0
2024-06-26 16:00:00+02:00,211.49,212.18,211.37,212.13,17185.9,70.3711849762931,0.9534368015062599,210.02108953243248,210.25531725985462,2,0,0,0.0
2024-06-26 16:15:00+02:00,212.13,213.0,211.98,212.36,29169.99,71.90936340113099,0.9629458298625099,210.04436227340332,210.39110324308982,2,0,0,0.0
2024-06-26 16:30:00+02:00,212.37,213.43,212.34,212.74,23050.3,74.35354272241791,0.9810964255964375,210.0711845393396,210.5426449693421,2,0,0,0.0
2024-06-26 16:45:00+02:00,212.73,213.35,212.6,213.2,15506.08,77.04052699831408,0.9480826505112321,210.10231703148548,210.71408722938455,2,0,0,0.0
2024-06-26 17:00:00+02:00,213.2,213.75,213.03,213.33,18851.18,77.77180898345786,0.9154994147239132,210.13443327992843,210.8828557952307,2,0,0,0.0
2024-06-26 17:15:00+02:00,213.34,213.72,213.18,213.21,11571.17,75.31155491750884,0.8618566411919245,210.16503593385949,211.0329941310223,2,0,0,0.0
2024-06-26 17:30:00+02:00,213.21,213.66,213.03,213.65,10217.4,78.1301488089335,0.8287342638787918,210.1997121932241,211.20183321934346,2,2,2,210.8997
2024-06-26 17:45:00+02:00,213.65,214.44,213.46,214.27,20648.01,81.44650392298517,0.8503436547532487,210.24021256941091,211.39977946325678,2,0,0,0.0
2024-06-26 18:00:00+02:00,214.26,214.78,213.98,214.76,13577.39,83.6267786236068,0.8431517040742148,210.28518557867054,211.61656788498215,2,0,0,0.0
2024-06-26 18:15:00+02:00,214.77,214.77,214.11,214.35,11746.62,75.39022098033352,0.8169871749207551,210.32563149331065,211.79291834401556,2,2,2,211.96890000000002
2024-06-26 18:30:00+02:00,214.34,214.37,213.94,213.99,9094.91,68.78107328085437,0.7617032927892196,210.36209287148668,211.93466554762747,2,1,0,0.0
2024-06-26 18:45:00+02:00,213.99,214.03,213.26,213.83,11878.79,65.92697727615975,0.7628885366764754,210.39659941007886,212.05694518971603,2,2,2,211.1274
2024-06-26 19:00:00+02:00,213.83,213.87,213.59,213.62,6127.41,62.16511270083132,0.6939044600084076,210.42867304778952,212.15778743554083,2,2,2,211.4541
2024-06-26 19:15:00+02:00,213.62,213.71,213.23,213.56,6176.81,61.05905066222046,0.6633466800072091,210.45983052990107,212.24825276228015,2,1,0,0.0
2024-06-26 19:30:00+02:00,213.55,213.96,213.49,213.84,9312.51,64.34816465510775,0.6357257257204648,210.49346405696676,212.35094613245565,2,2,2,211.3551
2024-06-26 19:45:00+02:00,213.85,214.06,213.57,214.01,8529.36,66.27008765302892,0.6149077649032568,210.52845446436012,212.45798186584562,2,2,2,211.43429999999998
2024-06-26 20:00:00+02:00,214.01,214.7,213.94,214.53,14052.1,71.493048611288,0.6356352270599331,210.56827083784907,212.59166045514593,2,1,0,0.0
2024-06-26 20:15:00+02:00,214.53,214.86,214.2,214.35,15271.65,67.47451163481983,0.6391159089085177,210.60589998374115,212.70510171610425,2,0,0,0.0
2024-06-26 20:30:00+02:00,214.34,214.54,214.11,214.53,8271.32,69.38645600361342,0.6092422076358692,210.64494575504722,212.82283708925883,2,1,0,0.0
2024-06-26 20:45:00+02:00,214.54,214.57,214.02,214.15,10466.84,60.97839257151567,0.6007790351164568,210.67982191668852,212.90846050285504,2,2,2,211.87980000000002
2024-06-26 21:00:00+02:00,214.15,214.16,213.32,213.4,12894.72,48.17609248824182,0.6349534586712492,210.7068883652787,212.9401727284773,2,1,0,0.0
2024-06-26 21:15:00+02:00,213.4,213.47,212.83,213.27,13888.98,46.30382258633451,0.6356743931467831,210.73239196363414,212.96145190728524,0,2,0,0.0
2024-06-26 21:30:00+02:00,213.29,213.33,212.98,213.3,11106.43,46.83361943709838,0.5948637655543888,210.75794030230446,212.98329371971846,0,2,0,0.0
2024-06-26 21:45:00+02:00,213.29,213.5,212.72,213.12,34306.33,43.94316531563553,0.6213117990466192,210.78144338387358,212.99211347973664,0,0,0,0.0
