Date,Open,High,Low,Close,Volume
2022-10-10 06:00:00+02:00,139.04196166992188,140.49753677353232,137.21012603770163,139.04196166992188,74899000
2022-10-11 06:00:00+02:00,138.52707381733768,139.96285621049552,136.8635678876467,137.61610412597656,77033700
2022-10-12 06:00:00+02:00,137.76464712249995,138.98257223872005,136.80416504682466,136.98239135742188,70433700
2022-10-13 06:00:00+02:00,133.66525571849522,142.18084893769327,133.05132993080255,141.5867462158203,113224000
2022-10-14 06:00:00+02:00,142.89378554537785,143.1017313207372,136.83385009662922,137.02198791503906,88598000
2022-10-17 06:00:00+02:00,139.68560500019998,141.49763284607423,138.8934528453485,141.012451171875,85250900
2022-10-18 06:00:00+02:00,144.0622242019941,145.26034128016104,139.23010975432786,142.33929443359375,99136600
2022-10-19 06:00:00+02:00,140.29950906195717,143.52751118612187,140.11137123437197,142.44821166992188,61758300
2022-10-20 06:00:00+02:00,141.61645449282847,144.4582844520385,141.25007527309683,141.98281860351562,64522000
2022-10-21 06:00:00+02:00,141.46790885550422,146.39904740377258,141.25006666538584,145.82473754882812,86548600
2022-10-24 06:00:00+02:00,145.7455368635644,148.7556968350301,144.5672126444263,147.9833526611328,75981900
2022-10-25 06:00:00+02:00,148.6170666592149,150.9935229808542,147.89423484931615,150.84498596191406,74732300
2022-10-26 06:00:00+02:00,149.4785698637061,150.49846081258823,146.5872118102591,147.88436889648438,88194300
2022-10-27 06:00:00+02:00,146.61691165297458,147.5872901219259,142.71557470902968,143.37899780273438,109180200
2022-10-28 06:00:00+02:00,146.74562529216917,155.95436207457212,146.3693647244896,154.21163940429688,164762400
2022-10-31 05:00:00+01:00,151.65696350691894,152.72636670856033,150.4291268437648,151.83518981933594,97943200
2022-11-01 05:00:00+01:00,153.55811898478964,153.92448314237308,147.66651253296183,149.1715850830078,80379300
2022-11-02 05:00:00+01:00,147.48824851011975,150.67664965125556,143.57701558999423,143.60671997070312,93604600
2022-11-03 05:00:00+01:00,140.66587529250396,141.39861865591453,137.38836077893654,137.51708984375,97918500
2022-11-04 05:00:00+01:00,140.9289594417224,141.50422199807056,133.28196738687794,137.24928283691406,140814800
2022-11-07 06:00:00+01:00,135.9896735398288,138.0129980221401,134.5614373715576,137.78488159179688,83374600
2022-11-08 06:00:00+01:00,139.26269055399243,140.27434507058433,136.36655216773732,138.36012268066406,89908500
2022-11-09 06:00:00+01:00,137.36830336333728,137.4178978354164,133.49024871201308,133.76795959472656,74917800
2022-11-10 06:00:00+01:00,140.08593483915797,145.669921875,138.36014691325087,145.669921875,118854000
2022-11-11 06:00:00+01:00,144.6285053316432,148.78425593610788,143.19034124110598,148.47679138183594,93979700
2022-11-14 06:00:00+01:00,147.75275426346408,149.05204771700903,146.22532926355174,147.06838989257812,73374100
2022-11-15 06:00:00+01:00,150.9762056244079,152.33500645779537,147.34610799567685,148.8140106201172,89868300
2022-11-16 06:00:00+01:00,147.9114520856414,148.64539580261246,146.0864753659452,147.57421875,64218300
2022-11-17 06:00:00+01:00,145.23350957668575,150.24224892835457,144.95579867435367,149.48846435546875,80389400
2022-11-18 06:00:00+01:00,151.065472306027,151.45228500999042,148.7445960822464,150.05380249023438,74829600
2022-11-21 06:00:00+01:00,148.93302399727298,149.1412995810213,146.51295917776832,146.8005828857422,58724100
2022-11-22 06:00:00+01:00,146.91962834462115,149.19090999870923,145.72942148811347,148.95286560058594,51804100
2022-11-23 06:00:00+01:00,148.22882866935927,150.58938633553862,148.11972688308776,149.83560180664062,58301400
2022-11-25 06:00:00+01:00,147.09814302835656,147.66349277068946,145.91786420554212,146.8997802734375,35195900
2022-11-28 06:00:00+01:00,143.95404571186316,145.44178905949883,142.20843229891616,143.04156494140625,69246000
2022-11-29 06:00:00+01:00,143.11101190976072,143.62676727113015,139.20321803040494,140.01651000976562,83763800
2022-11-30 06:00:00+01:00,140.24460395405254,147.5047989500818,139.40155844819125,146.8204345703125,111380900
2022-12-01 06:00:00+01:00,146.99898596833282,147.9114668522233,145.41205347993468,147.09815979003906,71250400
2022-12-02 06:00:00+01:00,144.76735941958822,146.79068380765895,144.45987973409657,146.60223388671875,65447400
2022-12-05 06:00:00+01:00,146.56256917091255,149.68682433091246,144.57891125748816,145.431884765625,68826400
2022-12-06 06:00:00+01:00,145.8682911220451,146.096407543278,140.76036294273567,141.74227905273438,64727200
2022-12-07 06:00:00+01:00,141.02817744693232,142.19852848152584,138.85606936891799,139.78839111328125,69721100
2022-12-08 06:00:00+01:00,141.19676652921908,142.34729171571578,139.9470675305744,141.48439025878906,62128300
2022-12-09 06:00:00+01:00,141.176935040063,144.3805535796691,139.74869887062152,140.9984130859375,76097000
2022-12-12 06:00:00+01:00,141.53398963387943,143.3192847895678,139.90739074405423,143.3093719482422,70462700
2022-12-13 06:00:00+01:00,148.27844190216373,148.74460276301977,143.06142658519002,144.2813720703125,93886200
2022-12-14 06:00:00+01:00,144.162338710146,145.4616321660882,140.00657313883838,142.03982543945312,82291200
2022-12-15 06:00:00+01:00,139.95699111942795,140.6413555524701,134.91849797166844,135.38465881347656,98931900
2022-12-16 06:00:00+01:00,135.5730988678757,136.5252461656081,132.6372785759658,133.41090393066406,160156900
2022-12-19 06:00:00+01:00,134.00600783994648,134.09526881179502,130.24698284016458,131.28839111328125,79592600
2022-12-20 06:00:00+01:00,130.31641086546176,132.16121339894653,128.8286673750421,131.21897888183594,77432800
2022-12-21 06:00:00+01:00,131.8934124301394,135.692119208161,131.66529600417988,134.34323120117188,85928000
2022-12-22 06:00:00+01:00,133.25225477779978,133.46053042798226,129.23534362047621,131.14956665039062,77852100
2022-12-23 06:00:00+01:00,129.8502406477536,131.33798403070327,128.5807008383652,130.78256225585938,63814900
2022-12-27 06:00:00+01:00,130.30648914184002,130.3362427988916,127.66822056647285,128.96751403808594,69007800
2022-12-28 06:00:00+01:00,128.61045279206675,129.9593407134417,124.84150747874008,125.01011657714844,85438400
2022-12-29 06:00:00+01:00,126.9441985630844,129.413850789944,126.68632845720141,128.55096435546875,75703700
2022-12-30 06:00:00+01:00,127.36074767816906,128.88815746516147,126.38875206484748,128.86831665039062,77034200
2023-01-03 06:00:00+01:00,129.21547004483958,129.83039913022134,123.1553947590061,124.04804229736328,112117500
2023-01-04 06:00:00+01:00,125.85317515303767,127.60871663617384,124.05796717081702,125.32750701904297,89113600
2023-01-05 06:00:00+01:00,126.09121866799474,126.72598862576233,123.74058876931177,123.99845886230469,80962700
2023-01-06 06:00:00+01:00,124.98037166000861,129.2253909088619,123.86952048030051,128.5608673095703,87754700
2023-01-09 06:00:00+01:00,129.40392512312226,132.31990467573962,128.82866251244664,129.08653259277344,70790800
2023-01-10 06:00:00+01:00,129.1956281428147,130.1874570510835,127.07311488448381,129.6617889404297,63896200
2023-01-11 06:00:00+01:00,130.1775440163294,132.4190718973983,129.394005838972,132.3992462158203,69458900
2023-01-12 06:00:00+01:00,132.78604600561528,133.16293066244958,130.365981286302,132.31988525390625,71379600
2023-01-13 06:00:00+01:00,130.95118549985727,133.81757078855932,130.5842136020096,133.65887451171875,57809700
2023-01-17 06:00:00+01:00,133.72830807819054,136.16819898308432,133.03403079363173,134.82923889160156,63646600
2023-01-18 06:00:00+01:00,135.70203924835408,137.47740634502057,133.92665701757943,134.10519409179688,69672800
2023-01-19 06:00:00+01:00,132.9844396475562,135.1367068506625,132.676975066271,134.1647186279297,58280400
2023-01-20 06:00:00+01:00,134.17462060326434,136.89223740407417,133.12328432629752,136.7434539794922,80223600
2023-01-23 06:00:00+01:00,136.99142636358434,142.14894963706016,136.77322275736296,139.95700073242188,81760300
2023-01-24 06:00:00+01:00,139.16351033852186,141.9902287531225,139.1535974978149,141.36537170410156,66435100
2023-01-25 06:00:00+01:00,139.73879133008703,141.26620137617195,137.6757851330886,140.70086669921875,65799300
2023-01-26 06:00:00+01:00,142.00013812043622,143.07131512079573,140.7405112124985,142.78369140625,54105100
2023-01-27 06:00:00+01:00,141.99023924889724,146.02697529477953,141.91089111505244,144.7375946044922,70555800
2023-01-30 06:00:00+01:00,143.7755344125045,144.3607098736859,141.68277467662222,141.83154296875,64015300
2023-01-31 06:00:00+01:00,141.53398803448212,143.16058690592604,141.11742169188037,143.11099243164062,65874500
2023-02-01 06:00:00+01:00,142.79362209752853,145.41205004770455,140.16528130564882,144.24168395996094,77663600
2023-02-02 06:00:00+01:00,147.68333668532975,149.94470566563427,146.95930573013743,149.58766174316406,118339000
2023-02-03 06:00:00+01:00,146.8204153137203,156.09402060065068,146.62205258154077,153.237548828125,154357300
2023-02-06 06:00:00+01:00,151.32336702897754,151.849035220328,149.54798453553238,150.49021911621094,69858300
2023-02-07 06:00:00+01:00,149.4091236002955,153.96161518919234,149.4091236002955,153.3863525390625,83322600
2023-02-08 06:00:00+01:00,152.6226412728321,153.31691850011063,149.93477820152208,150.67864990234375,64120100
2023-02-09 06:00:00+01:00,152.52344804031935,153.06895696574986,149.19090230890794,149.63722229003906,56007100
2023-02-10 06:00:00+01:00,148.46510591193487,150.33258113009356,148.22669804788154,150.00477600097656,57450700
2023-02-13 06:00:00+01:00,149.94517712044828,153.2331412160141,149.9153780322336,152.8258819580078,62199000
2023-02-14 06:00:00+01:00,151.1073784535674,152.74640399840575,149.85577134795844,152.18019104003906,61707600
2023-02-15 06:00:00+01:00,152.09079711349656,154.4648870542148,151.8623323927424,154.2960205078125,65573800
2023-02-16 06:00:00+01:00,152.48813255825456,155.28936808726482,152.32920914136784,152.6868133544922,68167900
2023-02-17 06:00:00+01:00,151.33584976287673,151.98151681062407,149.84583489218434,151.53451538085938,59144100
2023-02-21 06:00:00+01:00,149.20017477538303,150.2928585718752,147.42209676896465,147.4916229248047,58867200
2023-02-22 06:00:00+01:00,147.87901998490375,148.9518326240964,146.1804113407612,147.91876220703125,51011300
2023-02-23 06:00:00+01:00,149.0908963816531,149.3392322135196,146.2598769927045,148.40548706054688,48394200
2023-02-24 06:00:00+01:00,146.1307296843223,146.21019896512982,144.74998313937397,145.7333984375,55469600
2023-02-27 06:00:00+01:00,146.72675489244764,148.177027715123,146.46847591731765,146.9353485107422,44998500
2023-02-28 06:00:00+01:00,146.07113725599223,148.08762296946617,145.85260051448327,146.42874145507812,50547000
2023-03-01 06:00:00+01:00,145.8525984613652,146.24992971821598,144.04470638109774,144.34271240234375,55479000
2023-03-02 06:00:00+01:00,143.41890670694306,145.73339835352715,142.9420910223725,144.938720703125,52238100
2023-03-03 06:00:00+01:00,147.05452595400155,150.10409696327415,146.34926074464622,150.02462768554688,70732300
2023-03-06 06:00:00+01:00,152.76627279113367,155.25957439269146,152.4384828118315,152.80601501464844,87558000
2023-03-07 06:00:00+01:00,152.67687814265383,153.0046832847955,150.1239934764731,150.5908660888672,56182000
2023-03-08 06:00:00+01:00,151.7927883013503,152.4483985216323,150.81931610461444,151.85238647460938,47204800
2023-03-09 06:00:00+01:00,152.53780112788675,153.51127335874227,149.2299659811253,149.5875701904297,53833600
2023-03-10 06:00:00+01:00,149.21012912789416,149.9352656161469,146.627430045949,147.51150512695312,68572400
2023-03-13 05:00:00+01:00,146.82608668649712,152.1206088691079,146.7168183053469,149.4683837890625,84457100
2023-03-14 05:00:00+01:00,150.27297198039267,152.3788549088323,149.10083417145842,151.57424926757812,73695900
2023-03-15 05:00:00+01:00,150.1835672667274,152.22985192123198,148.922017104665,151.97158813476562,77167900
2023-03-16 05:00:00+01:00,151.1471217935264,155.4185010609706,150.63057902794299,154.81256103515625,76161100
2023-03-17 05:00:00+01:00,155.0410131910936,155.6966233607682,153.2529923452605,153.96820068359375,98944600
2023-03-20 05:00:00+01:00,154.0377723019309,156.76946672266206,153.12388301191643,156.3522491455078,73641400
2023-03-21 05:00:00+01:00,156.27276702598087,158.33890764314316,155.49794534802618,158.21971130371094,73938300
2023-03-22 05:00:00+01:00,158.23958901679225,161.06068032066997,156.75950205913892,156.7793731689453,75701800
2023-03-23 05:00:00+01:00,157.77271456151547,160.4746094885044,156.63036069822533,157.87203979492188,67622100
2023-03-24 05:00:00+01:00,157.80252665239888,159.2726705800277,156.79925531618204,159.1832733154297,59196500
2023-03-27 06:00:00+02:00,158.875332942598,159.69980971663136,156.81910499581306,157.22637939453125,52390300
2023-03-28 06:00:00+02:00,156.91844782133188,157.43499059948272,154.941689128351,156.60057067871094,45992200
2023-03-29 06:00:00+02:00,158.30910893932906,159.9779334814724,158.2892529875193,159.69979858398438,51305700
2023-03-30 06:00:00+02:00,160.45474381405464,161.38848895155388,160.19648000979112,161.2792205810547,49501700
2023-03-31 06:00:00+02:00,161.3586910538678,163.90164752362523,160.83222030773285,163.80230712890625,68749800
2023-04-03 06:00:00+02:00,163.17649669860074,165.1830391107744,163.12682650563877,165.0638427734375,56976200
2023-04-04 06:00:00+02:00,165.4910100935727,165.72940279972084,164.01092302829684,164.5274658203125,46278300
2023-04-05 06:00:00+02:00,163.64339404278874,163.9513280657445,160.72296207748954,162.66990661621094,51511700
2023-04-06 06:00:00+02:00,161.3487675436975,163.86194038935685,160.92163714033285,163.56393432617188,45390100
2023-04-10 06:00:00+02:00,160.3454759875675,160.951416015625,159.0143995840367,160.951416015625,47716900
2023-04-11 06:00:00+02:00,161.26929948702247,161.27922746395842,159.44153619728579,159.7296142578125,47644200
2023-04-12 06:00:00+02:00,160.1468109058442,160.98121565505156,158.7163941030795,159.03427124023438,50133100
2023-04-13 06:00:00+02:00,160.55408432025146,164.6963241111712,160.34547555561957,164.45791625976562,68445600
2023-04-14 06:00:00+02:00,163.49437683153604,165.21287172438946,162.7295133722832,164.11026000976562,49386500
2023-04-17 06:00:00+02:00,163.99102899066352,164.28903498890347,162.93808759980178,164.13009643554688,41516200
2023-04-18 06:00:00+02:00,164.9943300078833,166.29560732004327,164.54731339219325,165.3618621826172,49923000
2023-04-19 06:00:00+02:00,164.69633990267727,167.04063094935265,164.43806091625274,166.51416015625,47720200
2023-04-20 06:00:00+02:00,164.98439481710608,166.75254478310427,164.45792404954577,165.54066467285156,52456400
2023-04-21 06:00:00+02:00,163.9513231358082,165.34199776450657,163.39505328432884,163.92152404785156,58337300
2023-04-24 06:00:00+02:00,163.90164130964763,164.4976533409326,162.79902966182138,164.2294464111328,41949600
2023-04-25 06:00:00+02:00,164.09038578626408,165.20292545659441,162.64009786696957,162.67984008789062,48714100
2023-04-26 06:00:00+02:00,161.9745692809533,164.17979279935403,161.71630545849106,162.66990661621094,45498800
2023-04-27 06:00:00+02:00,164.0903739509735,167.4379358543544,164.0903739509735,167.2889404296875,64902300
2023-04-28 06:00:00+02:00,167.36841033394262,168.7193577657591,166.76247034267462,168.55047607421875,55209200
2023-05-01 06:00:00+02:00,168.15317131458366,169.3153812859868,167.51743213816098,168.4611053466797,52472900
2023-05-02 06:00:00+02:00,168.95776073048643,169.21603969288225,166.42473224699455,167.41807556152344,48425700
2023-05-03 06:00:00+02:00,168.37171476989755,169.78226064998861,166.04729473470033,166.33535766601562,65136000
2023-05-04 06:00:00+02:00,163.79239833885853,165.9280806605433,163.2162573278753,164.6864013671875,81235400
2023-05-05 06:00:00+02:00,169.84184103114393,173.13974821486352,169.62330428247736,172.41461181640625,113316400
2023-05-08 06:00:00+02:00,171.33184784756818,172.69273847315233,170.96431567750452,172.34506225585938,55962800
2023-05-09 06:00:00+02:00,171.89806515550893,172.38479368338398,170.45772036794094,170.6265869140625,45326900
2023-05-10 06:00:00+02:00,171.86826436576024,172.87153565591404,170.75570954760406,172.4046630859375,53724500
2023-05-11 06:00:00+02:00,172.69273944112518,173.42780378537267,171.02391480886706,172.59339904785156,49514700
2023-05-12 06:00:00+02:00,172.70281198942,173.14049002795343,170.096657532202,171.6583709716797,45497800
2023-05-15 06:00:00+02:00,172.24526429695766,172.29500320134395,170.56418950470632,171.16102600097656,37266700
2023-05-16 06:00:00+02:00,171.08144678959502,172.22536569956662,170.89244805983668,171.16102600097656,42110300
2023-05-17 06:00:00+02:00,170.802921731771,172.01646292692044,169.5197278588666,171.77774047851562,57951600
2023-05-18 06:00:00+02:00,172.0860859807688,174.31425810732384,171.66830655294862,174.12525939941406,65496700
2023-05-19 06:00:00+02:00,175.45819353055688,175.45819353055688,174.01585640235388,174.2346954345703,55772400
2023-05-22 06:00:00+02:00,173.0609003738292,173.7870548839982,172.53370145329475,173.2797393798828,43570900
2023-05-23 06:00:00+02:00,172.21541526739742,172.46409459855087,170.37518214558924,170.65370178222656,50747300
2023-05-24 06:00:00+02:00,170.1861824697135,171.50915832540235,169.6192014905221,170.93222045898438,45143500
2023-05-25 06:00:00+02:00,171.49920353501065,172.9813225132751,170.78300590568506,172.07614135742188,56058300
2023-05-26 06:00:00+02:00,172.40441117246095,174.8414655423346,172.19551385930305,174.5032501220703,54835000
2023-05-30 06:00:00+02:00,176.0251725779241,178.04444739653601,175.63723345459917,176.36337280273438,55964400
2023-05-31 06:00:00+02:00,176.39322361590837,178.40255684580796,175.82622745978463,176.3136444091797,99625300
2023-06-01 06:00:00+02:00,176.7612675320407,179.16848166324064,175.99533093360102,179.13864135742188,68901800
2023-06-02 06:00:00+02:00,180.07367405509746,180.8197120402492,178.31302016024856,179.9940948486328,61945900
2023-06-05 06:00:00+02:00,181.6652231614469,183.9729593769144,177.09945927418482,178.63133239746094,121946500
2023-06-06 06:00:00+02:00,179.01928539733385,179.16848693081423,176.4926947903948,178.2633056640625,64848400
2023-06-07 06:00:00+02:00,177.49735033746626,180.25272139809334,176.38327186306722,176.88063049316406,61944600
2023-06-08 06:00:00+02:00,176.96021070036394,179.884682141288,176.52254781552597,179.61611938476562,50214900
2023-06-09 06:00:00+02:00,180.54118422567086,181.26732358175673,179.67578505912772,180.00404357910156,48870700
2023-06-12 06:00:00+02:00,180.31239999858374,182.9185543342706,180.01398178821043,182.81907653808594,54274900
2023-06-13 06:00:00+02:00,181.83432866057996,183.1771879321921,181.47622981918036,182.3416290283203,54929100
2023-06-14 06:00:00+02:00,182.40131833260028,183.4159342946221,181.0584589969838,182.97825622558594,57462900
2023-06-15 06:00:00+02:00,182.98820069184538,185.53467454445408,182.80914368567494,185.02735900878906,65433200
2023-06-16 06:00:00+02:00,185.74355105954828,186.00218726306332,183.29655508194935,183.943115234375,101235600
2023-06-20 06:00:00+02:00,183.43583249788446,185.1169072693531,183.43583249788446,184.03265380859375,49799100
2023-06-21 06:00:00+02:00,183.9232264876442,184.4305420351313,181.62543190581744,182.9882049560547,49515700
2023-06-22 06:00:00+02:00,182.76935787950543,186.06186963677442,182.6997203846116,186.0121307373047,51245300
2023-06-23 06:00:00+02:00,184.56979691773458,186.56917321431695,184.03264107925006,185.69381713867188,53079300
2023-06-26 06:00:00+02:00,185.84303155530625,187.056587853195,184.25147783336593,184.29127502441406,48088700
2023-06-27 06:00:00+02:00,184.90800873752207,187.39480212803056,184.68916970490272,187.06654357910156,50730800
2023-06-28 06:00:00+02:00,186.93721005316613,188.89680429757664,186.60896670948247,188.250244140625,51216800
2023-06-29 06:00:00+02:00,188.08113960762984,189.065915150093,187.94187979964138,188.58843994140625,46347300
2023-06-30 06:00:00+02:00,190.6176777017229,193.45261284992773,190.24962198603617,192.9453125,85069600
2023-07-03 06:00:00+02:00,192.75631728389888,192.8557950852252,190.74698408692234,191.44329833984375,31458200
2023-07-05 06:00:00+02:00,190.55799725570245,191.96053708979952,189.61300369398083,190.3192596435547,46920300
2023-07-06 06:00:00+02:00,188.83712812170648,191.005619722992,188.2005096584099,190.79672241210938,45094300
2023-07-07 06:00:00+02:00,190.39885357591254,191.65219198573254,189.23503608575487,189.67269897460938,46778000
2023-07-10 06:00:00+02:00,188.26019238153464,188.98634694518068,186.051918741953,187.61363220214844,59922200
2023-07-11 06:00:00+02:00,188.16073759959696,188.2999974214925,185.61426361168884,187.08644104003906,46638100
2023-07-12 06:00:00+02:00,188.67796574074268,190.68729888937372,187.4743663358331,188.7675018310547,60750200
2023-07-13 06:00:00+02:00,189.49364999232415,190.18000737356135,188.77745230565768,189.53343200683594,41342300
2023-07-14 06:00:00+02:00,189.22507106062216,190.17004947662323,188.62824977702334,189.68264770507812,41573900
2023-07-17 06:00:00+02:00,190.8862393173272,193.29346848361283,190.79671840519242,192.9652099609375,50520200
2023-07-18 06:00:00+02:00,192.32859124289226,193.30340992275686,191.40349628424582,192.70657348632812,48353800
2023-07-19 06:00:00+02:00,192.0799014949964,197.1827905188556,191.63226660288888,194.0693359375,80507300
2023-07-20 06:00:00+02:00,194.05937845885856,195.43209307701335,191.4830645064442,192.1097412109375,59581200
2023-07-21 06:00:00+02:00,193.07464908684346,193.94004834844196,190.21979989162114,190.92605590820312,71917800
2023-07-24 06:00:00+02:00,192.3882828289679,193.88035882699958,191.23440708105974,191.7317657470703,45377800
2023-07-25 06:00:00+02:00,192.30870661637096,193.4128434792394,191.90086886112627,192.59716796875,37283200
2023-07-26 06:00:00+02:00,192.64690172314465,194.60649605963144,192.2987597677282,193.47251892089844,47471900
2023-07-27 06:00:00+02:00,194.98447580790904,196.1582348545856,191.5328058031928,192.1992645263672,47460200
2023-07-28 06:00:00+02:00,193.64162593289265,195.59127862967463,193.1144269482991,194.79550170898438,48291400
2023-07-31 06:00:00+02:00,195.0242770354596,195.4520133794531,194.22850013686713,195.41221618652344,38824100
2023-08-01 06:00:00+02:00,195.20332163169834,195.69072337772218,194.24838637848805,194.57664489746094,35175100
2023-08-02 06:00:00+02:00,194.00964855838458,194.14890836826487,190.83651323481342,191.56265258789062,50389300
2023-08-03 06:00:00+02:00,190.55802180392624,191.3537835905686,189.68266562479982,190.16012573242188,61235200
2023-08-04 06:00:00+02:00,184.53996114899044,186.39013596823676,180.9589727316809,181.0286102294922,115799700
2023-08-07 06:00:00+02:00,181.16786870937892,182.16258602037854,176.41312117705527,177.9051971435547,97576100
2023-08-08 06:00:00+02:00,178.7407544398389,179.31769229642893,176.6419003253161,178.8501739501953,67823000
2023-08-09 06:00:00+02:00,179.9145074791464,179.9741880867417,176.07489821598116,177.24867248535156,60378500
2023-08-10 06:00:00+02:00,178.5318485222156,179.79514368485735,176.66179040560516,177.0298309326172,54686900
2023-08-11 06:00:00+02:00,176.62146513071826,177.91633169490902,175.85449424677114,177.089599609375,51988100
2023-08-14 06:00:00+02:00,177.26888564676878,178.98211089604555,176.6114820793,178.75302124023438,43675600
2023-08-15 06:00:00+02:00,178.1753205708948,178.77294779686,176.3525278942784,176.75094604492188,43622600
2023-08-16 06:00:00+02:00,176.43221164716573,177.8366454841051,175.80468863153288,175.87442016601562,46964900
2023-08-17 06:00:00+02:00,176.44215882465045,176.81069635121747,172.79657369608665,173.3145294189453,66062900
2023-08-18 06:00:00+02:00,171.6212372500288,174.41020985325144,171.2825803078595,173.8026123046875,61114200
2023-08-21 06:00:00+02:00,174.38033736821467,175.43615917745666,173.05557494006132,175.1472930908203,46311900
2023-08-22 06:00:00+02:00,176.36247085413768,176.98002350460862,175.55566427563798,176.53179931640625,42084200
2023-08-23 06:00:00+02:00,177.81673061512114,180.83479281435834,177.62747668205387,180.40647888183594,52722800
2023-08-24 06:00:00+02:00,179.95825849517618,180.3865724367749,175.31661266513547,175.68516540527344,54945800
2023-08-25 06:00:00+02:00,176.68123702638093,178.44425337461732,175.12738489635888,177.90638732910156,51449600
2023-08-28 06:00:00+02:00,179.38055143384355,179.8785817383622,177.84662478334474,179.48016357421875,43820700
2023-08-29 06:00:00+02:00,178.9920826524724,184.17159461329035,178.79287357680212,183.39466857910156,53003900
2023-08-30 06:00:00+02:00,184.2114358326404,187.1099756066152,184.01222676747608,186.91075134277344,60813900
2023-08-31 06:00:00+02:00,187.1000022131481,188.3749584477536,186.74141982224796,187.1298828125,60794500
2023-09-01 06:00:00+02:00,188.74351890624058,189.1718176469559,187.5382789545023,188.71363830566406,45732600
2023-09-05 06:00:00+02:00,187.53827834394804,189.23157823204195,186.8709196021154,188.9526824951172,45280000
2023-09-06 06:00:00+02:00,187.65780052908354,188.10603993310986,180.75510825015328,182.18943786621094,81755800
2023-09-07 06:00:00+02:00,174.48987524048817,177.50795260998015,172.85633658962263,176.86050415039062,112488800
2023-09-08 06:00:00+02:00,177.64741679953772,179.52997075430955,177.08961008813822,177.4780731201172,65551300
2023-09-11 06:00:00+02:00,179.36062150756237,179.58971116690367,176.6413653998606,178.65341186523438,58953100
2023-09-12 06:00:00+02:00,178.7829041688317,179.4203822792883,174.13130346932107,175.60546875,90370200
2023-09-13 06:00:00+02:00,175.8146392253836,176.60153555778948,173.29460729254302,173.52371215820312,84267900
2023-09-14 06:00:00+02:00,173.31453291514495,175.40626611600567,172.89618931470832,175.0476837158203,60895800
2023-09-15 06:00:00+02:00,175.78475152221694,175.80467698770343,173.13524216223524,174.32054138183594,109205100
2023-09-18 06:00:00+02:00,175.7847698787979,178.6733547289085,175.47599352555886,177.26890563964844,67257600
2023-09-19 06:00:00+02:00,176.8206661565984,178.9223544426158,176.43220316528132,178.36456298828125,51826900
2023-09-20 06:00:00+02:00,178.55381295663022,178.99208204081407,174.70901853448765,174.79867553710938,58436200
2023-09-21 06:00:00+02:00,173.86236460260469,175.60547049051658,173.17508042072535,173.2447967529297,63047900
2023-09-22 06:00:00+02:00,173.9818875144472,176.38239699201054,173.36433486162306,174.10140991210938,56725400
2023-09-25 06:00:00+02:00,173.51373864876115,176.27283053055115,173.4639325832827,175.38633728027344,46172700
2023-09-26 06:00:00+02:00,174.13129576056,174.509788397756,170.983741080101,171.28256225585938,64588900
2023-09-27 06:00:00+02:00,171.93996571470467,172.35830931806112,168.38403748683606,169.7585906982422,66921800
2023-09-28 06:00:00+02:00,168.67289029975677,171.35229561756515,166.9596649336937,170.017578125,56294400
2023-09-29 06:00:00+02:00,171.34234435362447,172.38821099702767,169.6689546844437,170.53553771972656,51814200
2023-10-02 06:00:00+02:00,170.5454742181564,173.61334227752477,170.25660817173423,173.0655059814453,52164500
2023-10-03 06:00:00+02:00,171.58139257878477,172.94600592868312,170.1470780892458,171.72084045410156,49594600
2023-10-04 06:00:00+02:00,170.41599298863576,173.5237121875235,170.29647058822079,172.9758758544922,53020300
2023-10-05 06:00:00+02:00,173.1053491605165,174.75881325303232,171.99972138765082,174.220947265625,48527900
2023-10-06 06:00:00+02:00,173.11532100137313,177.28881700197198,172.4977531453507,176.79078674316406,57224100
2023-10-09 06:00:00+02:00,176.11346171048461,178.34464279243045,175.107446036238,178.28488159179688,42390800
2023-10-10 06:00:00+02:00,177.3983744950174,179.01198758109385,177.2489563063992,177.68722534179688,43698000
2023-10-11 06:00:00+02:00,177.4979871028153,179.14149613074932,176.9003598915757,179.09169006347656,47551100
2023-10-12 06:00:00+02:00,179.36062976882246,181.6216762646302,178.33467342391498,179.99810791015625,56743100
2023-10-13 06:00:00+02:00,180.7053146503435,181.21330009162827,177.4382370544457,178.14544677734375,51427100
2023-10-16 06:00:00+02:00,176.0537049051645,178.3745278460018,175.81464489798415,178.0159454345703,52517000
2023-10-17 06:00:00+02:00,175.95408765178922,177.7171190566085,174.11138477890506,176.45211791992188,57549400
2023-10-18 06:00:00+02:00,174.88832280511073,176.88044401460235,174.4201731049859,175.1472930908203,54764400
2023-10-19 06:00:00+02:00,175.34648528963,177.13939724528618,174.4998429763182,174.76878356933594,59302900
2023-10-20 06:00:00+02:00,174.61937928453216,174.72894655718065,171.9598993378951,172.19895935058594,64189300
2023-10-23 06:00:00+02:00,170.2367184674421,173.32449716604125,169.26056814973236,172.3184814453125,55980100
2023-10-24 06:00:00+02:00,172.36828137785076,172.9858340558493,170.7745784168946,172.75674438476562,43816600
2023-10-25 06:00:00+02:00,171.2028903602366,172.3782345012575,169.97772495383697,170.42596435546875,57157000
2023-10-26 06:00:00+02:00,169.69881481344999,170.70484559990788,165.01733371582523,166.23252868652344,70625300
2023-10-27 06:00:00+02:00,166.25245994352483,168.2943869866541,166.17277328052674,167.5572967529297,58499100
2023-10-30 05:00:00+01:00,168.35415469749302,170.49567875321318,168.20473649908715,169.619140625,51131000
2023-10-31 05:00:00+01:00,168.6828705366265,170.22675232458982,167.23857049186788,170.09727478027344,44846000
2023-11-01 05:00:00+01:00,170.3263666996512,173.54363825945896,169.44982848697634,173.28466796875,56934900
2023-11-02 05:00:00+01:00,174.8285561822571,177.07964760769158,174.7687949796131,176.8704833984375,77334800
2023-11-03 05:00:00+01:00,173.5535919806981,176.1234299684149,172.667098718161,175.95408630371094,79763700
2023-11-06 06:00:00+01:00,175.68516237015973,178.72313484890373,175.51583390272017,178.52392578125,63841300
2023-11-07 06:00:00+01:00,178.47411491056127,181.72128190075364,178.26495071469225,181.10372924804688,70530000
2023-11-08 06:00:00+01:00,181.63164388842938,182.7273013532089,180.8746281577945,182.1695098876953,49340300
2023-11-09 06:00:00+01:00,182.2392578900281,183.39467665929354,181.0937790567685,181.69142150878906,53763500
2023-11-10 06:00:00+01:00,183.48666979314862,186.0798450837419,183.04782333916816,185.9102783203125,66133400
2023-11-13 06:00:00+01:00,185.3318080889376,185.5412478398733,183.72603738406337,184.31448364257812,43627500
2023-11-14 06:00:00+01:00,187.2068669849832,187.61579347557358,185.81055118626102,186.9475555419922,60108400
2023-11-15 06:00:00+01:00,187.35648416635163,189.00214317778068,187.28666076626993,187.51605224609375,53790500
2023-11-16 06:00:00+01:00,189.07197729733983,190.45832494142388,188.15438088861924,189.21160888671875,54412900
2023-11-17 06:00:00+01:00,189.75017672813084,189.87984006315943,188.07459771561332,189.191650390625,50922700
2023-11-20 06:00:00+01:00,189.39112233533035,191.40581967333242,189.38115408596002,190.947021484375,46505100
2023-11-21 06:00:00+01:00,190.9071261941555,191.016837807969,189.24151548895097,190.13914489746094,38134500
2023-11-22 06:00:00+01:00,190.98693859688572,192.42314276283437,190.32866884247025,190.80740356445312,39617700
2023-11-24 06:00:00+01:00,190.3685308718234,190.39845083666222,188.7527918957252,189.4709014892578,24048300
2023-11-27 06:00:00+01:00,189.42102990398243,190.16905946273172,188.40370544284727,189.29136657714844,40552600
2023-11-28 06:00:00+01:00,189.28139878125378,190.57798639659453,188.9023922672633,189.89976501464844,38415400
2023-11-29 06:00:00+01:00,190.39846146658158,191.5853375337861,188.47353926721377,188.8724822998047,43014200
2023-11-30 06:00:00+01:00,189.34124663640054,189.8199965326488,187.69558762181254,189.45095825195312,48794400
2023-12-01 06:00:00+01:00,189.82996644714217,191.05673072730082,188.7328502819914,190.73757934570312,45679300
2023-12-04 06:00:00+01:00,189.4808700658805,189.55069346309216,186.95751823543674,188.93231201171875,43389500
2023-12-05 06:00:00+01:00,189.71029172996927,193.8892710828005,189.68035654401535,192.91184997558594,66628400
2023-12-06 06:00:00+01:00,193.93913674443937,194.24831987557903,191.60528805902925,191.8147430419922,41089700
2023-12-07 06:00:00+01:00,193.12131027911408,194.4877062169098,193.0814068425452,193.75962829589844,47477700
2023-12-08 06:00:00+01:00,193.68980381887073,195.47510973724528,193.1611974275245,195.1958465576172,53377300
2023-12-11 06:00:00+01:00,192.6026771637971,192.9816837275881,190.9171145642455,192.6724853515625,60943700
2023-12-12 06:00:00+01:00,192.5727484810618,194.2084393189364,191.21632081901691,194.19847106933594,52696900
2023-12-13 06:00:00+01:00,194.57745586327718,197.479814363225,194.3380961312905,197.43992614746094,70404200
2023-12-14 06:00:00+01:00,197.49976341714512,199.0955507441078,195.644649425759,197.5895233154297,66831600
2023-12-15 06:00:00+01:00,197.01104566267367,197.87875511854236,196.48243930235122,197.0509490966797,128256700
2023-12-18 06:00:00+01:00,195.57483773641422,196.11342759577343,193.8793069418093,195.3753662109375,55751900
2023-12-19 06:00:00+01:00,195.64465783257836,196.43257567143465,195.37536290745211,196.422607421875,40714100
2023-12-20 06:00:00+01:00,196.38269954805867,197.16064911977392,194.31814575195312,194.31814575195312,52242800
2023-12-21 06:00:00+01:00,195.58480075220214,196.56222177791878,192.99162553607198,194.16851806640625,46482500
2023-12-22 06:00:00+01:00,194.66722055776037,194.89662726483317,192.46303513835062,193.0913848876953,37122800
2023-12-26 06:00:00+01:00,193.1013424779398,193.38060563585498,192.32339293536162,192.54281616210938,28919300
2023-12-27 06:00:00+01:00,191.98429313460466,192.99163417014543,190.58796210241144,192.64254760742188,48087700
2023-12-28 06:00:00+01:00,193.62995271865404,194.14859083036032,192.6624998954735,193.07142639160156,34049900
2023-12-29 06:00:00+01:00,193.39058105531936,193.88926745847252,191.22628389187872,192.02418518066406,42628800
2024-01-02 06:00:00+01:00,186.65831013752612,187.94492954928668,183.40688034565454,185.15228271484375,82488700
2024-01-03 06:00:00+01:00,183.73601021061637,185.3916526370084,182.94807721140668,183.76593017578125,58414500
2024-01-04 06:00:00+01:00,181.67145813216527,182.6089910440528,180.4048055729743,181.43209838867188,71983600
2024-01-05 06:00:00+01:00,181.51187949442337,182.2798455851046,179.696653712011,180.70399475097656,62303300
2024-01-08 06:00:00+01:00,181.61160967008922,185.11239794134607,181.0231633700248,185.07249450683594,59144500
2024-01-09 06:00:00+01:00,183.43679896760196,184.6635632197217,182.2499229302573,184.65359497070312,42841800
2024-01-10 06:00:00+01:00,183.865689068051,185.91029121427303,183.43681083329736,185.7008514404297,46792900
2024-01-11 06:00:00+01:00,186.0499181222305,186.55858799759886,183.1375913301092,185.1024169921875,49128400
2024-01-12 06:00:00+01:00,185.57118065545922,186.2494020729004,184.7034711898062,185.43154907226562,40444700
2024-01-16 06:00:00+01:00,181.68142855063,183.7759022492629,180.454649078537,183.14756774902344,65603000
2024-01-17 06:00:00+01:00,180.79377388475157,182.4494011863878,179.8263210396568,182.20005798339844,47317400
2024-01-18 06:00:00+01:00,185.601094580686,188.64308456413906,185.3417831399673,188.13442993164062,78005800
2024-01-19 06:00:00+01:00,188.83259508280878,191.4457069631133,188.32394043075982,191.05673217773438,68741000
2024-01-22 06:00:00+01:00,191.79478097126298,194.8168191563691,191.75487753918551,193.38059997558594,60133900
2024-01-23 06:00:00+01:00,194.50765298322878,195.23573088570404,193.32077688410376,194.66722106933594,42355600
2024-01-24 06:00:00+01:00,194.90657950992693,195.86406403893943,193.82941512180048,193.98899841308594,53631300
2024-01-25 06:00:00+01:00,194.70712611253646,195.75437063327604,192.60266882143753,193.65988159179688,54822100
2024-01-26 06:00:00+01:00,193.75962027533646,194.24832321281087,191.43573979920887,191.9144744873047,44594000
2024-01-29 06:00:00+01:00,191.50553573476222,191.69503899174566,189.08192726374344,191.2262725830078,47145600
2024-01-30 06:00:00+01:00,190.43836498444998,191.29610620172704,186.9774801488193,187.5459747314453,55859400
2024-01-31 06:00:00+01:00,186.54860624835527,186.60846140148647,183.86568613631536,183.91554260253906,55467800
2024-02-01 06:00:00+01:00,183.50663958553142,186.45885475432468,183.3370880241016,186.3690948486328,64885400
2024-02-02 06:00:00+01:00,179.38747158913486,186.83784758825826,178.77907357519368,185.3617401123047,102518000
2024-02-05 06:00:00+01:00,187.65568660043076,188.7528027700622,185.35175786290594,187.18692016601562,69668800
2024-02-06 06:00:00+01:00,186.3690812824401,188.81264158907206,186.27932138328205,188.80267333984375,43490800
2024-02-07 06:00:00+01:00,190.13914830513974,190.54807480201896,188.11448275650494,188.91238403320312,53439000
2024-02-08 06:00:00+01:00,188.89243734894671,189.04203718413183,186.85780349692203,187.82525634765625,40962000
2024-02-09 06:00:00+01:00,188.3944664742411,189.7326630180708,187.74535299795403,188.59420776367188,45155200
2024-02-12 06:00:00+01:00,188.16478368820478,188.4144450637445,186.536986643487,186.89649963378906,41781900
2024-02-13 06:00:00+01:00,185.51837458687666,185.95778103499313,183.2614260557549,184.7893524169922,56529500
2024-02-14 06:00:00+01:00,185.06898708917217,185.27869410596878,182.19288323956735,183.9005584716797,54630500
2024-02-15 06:00:00+01:00,183.30138424771062,184.240113454146,181.10436719922916,183.6109619140625,65434500
2024-02-16 06:00:00+01:00,183.1715463740003,184.59961728947957,181.423916838756,182.06304931640625,49701400
2024-02-20 06:00:00+01:00,181.54375584994284,182.18288835024262,179.75618713817525,181.31407165527344,53665600
2024-02-21 06:00:00+01:00,181.69356890706246,182.64227910636305,180.41530385657126,182.07305908203125,41529700
2024-02-22 06:00:00+01:00,183.23147587149185,184.70948221357625,182.2128684118245,184.12026977539062,52292200
2024-02-23 06:00:00+01:00,184.75939892074908,184.7893570667726,181.98316564301484,182.2727813720703,45119700
2024-02-26 06:00:00+01:00,181.99316607141998,182.51245077328556,180.4053081047406,180.9146270751953,40867400
2024-02-27 06:00:00+01:00,180.8547030249424,183.67087536253175,179.31678044812858,182.38262939453125,54318900
2024-02-28 06:00:00+01:00,182.26277525240613,182.87194958529,179.88600944777951,181.17425537109375,48953900
2024-02-29 06:00:00+01:00,181.0244726521513,182.32271483973864,179.2868240098617,180.5051727294922,136682600
2024-03-01 06:00:00+01:00,179.30680487820328,180.28547321411338,177.1397459439131,179.41665649414062,73488000
2024-03-04 06:00:00+01:00,175.91138901291154,176.66037309653981,173.55458515356978,174.86282348632812,81510100
2024-03-05 06:00:00+01:00,170.52870467118385,171.80696972644216,169.3902493801531,169.8895721435547,95132400
2024-03-06 06:00:00+01:00,170.82828954287993,171.00805364907467,168.45150847753882,168.8909149169922,68587700
2024-03-07 06:00:00+01:00,168.9208783745909,170.49874007583668,168.26178393280134,168.77108764648438,71765100
2024-03-08 06:00:00+01:00,168.77108115758023,173.46471172794804,168.71116486864128,170.4987335205078,76114600
2024-03-11 05:00:00+01:00,172.7057515488056,174.1438034764355,171.81695768216224,172.51600646972656,60139500
2024-03-12 05:00:00+01:00,172.91545260520832,173.79426547249196,170.77835196368503,172.99534606933594,59825400
2024-03-13 05:00:00+01:00,172.53598662218928,172.95541590196297,170.52869942269697,170.89820861816406,52488700
2024-03-14 05:00:00+01:00,172.67579633889267,174.07389393778828,171.81696060296508,172.7656707763672,72913500
2024-03-15 05:00:00+01:00,170.93815173679513,172.3861846923828,170.0593388034746,172.3861846923828,121664700
2024-03-18 05:00:00+01:00,175.33219568304634,177.46929641833623,173.28496938454825,173.4846954345703,75604200
2024-03-19 05:00:00+01:00,174.103843140035,176.37077256576342,172.7956200458163,175.84149169921875,55215200
2024-03-20 05:00:00+01:00,175.4819925290467,178.42799377441406,174.8528409733276,178.42799377441406,53423100
2024-03-21 05:00:00+01:00,176.81019291301712,177.24959938128188,170.60859750977383,171.13787841796875,106181300
2024-03-22 05:00:00+01:00,171.52734618968756,172.8156074225072,169.8296518814187,172.04664611816406,71106600
2024-03-25 05:00:00+01:00,170.3389717851223,171.7071112562591,169.22047845311536,170.61859130859375,54288300
2024-03-26 05:00:00+01:00,169.7697335443843,171.18780831365112,169.35030426655504,169.48013305664062,57388400
2024-03-27 05:00:00+01:00,170.17917536928525,173.3648568036976,169.87957868564428,173.0752410888672,60273300
2024-03-28 05:00:00+01:00,171.51736499268162,171.99671056703528,170.27903908430343,171.2477264404297,65672700
2024-04-01 06:00:00+02:00,170.9581303453955,171.0180466389652,169.25043978805195,169.79969787597656,46240500
2024-04-02 06:00:00+02:00,168.85097800610131,169.11062034274696,168.00212326080046,168.61129760742188,49329500
2024-04-03 06:00:00+02:00,168.56136082635754,170.4488001400144,168.35165381268482,169.42019653320312,47691700
2024-04-04 06:00:00+02:00,170.0593339640827,171.6871309906733,168.59133911132812,168.59133911132812,53704400
2024-04-05 06:00:00+02:00,169.36027698921268,170.15919639108571,168.72114451533827,169.3502960205078,42055200
2024-04-08 06:00:00+02:00,168.80104849688502,168.9708164041663,168.01212525268127,168.22183227539062,37425500
2024-04-09 06:00:00+02:00,168.4714829904534,169.84961857638837,168.1219662286822,169.44017028808594,42451200
2024-04-10 06:00:00+02:00,168.57135701279026,168.86095749196215,166.88364374411555,167.552734375,49709300
2024-04-11 06:00:00+02:00,168.11198039609073,175.2223467426814,167.93223151976522,174.8029022216797,91070300
2024-04-12 06:00:00+02:00,174.02396056517827,178.11841323915218,173.97404048032485,176.3108673095703,101593300
2024-04-15 06:00:00+02:00,175.12246672810386,176.3907507163252,172.26634013147174,172.45608520507812,73531800
2024-04-16 06:00:00+02:00,171.51735860621622,173.5246305050547,168.04207665484262,169.15057373046875,73711200
2024-04-17 06:00:00+02:00,169.38026555932345,170.41885018494213,167.77244567871094,167.77244567871094,50901200
2024-04-18 06:00:00+02:00,167.80240048283883,168.4115748413261,166.3244094241613,166.81373596191406,43122900
2024-04-19 06:00:00+02:00,165.98487225449642,166.17460209603956,163.85775250181075,164.77650451660156,67772100
2024-04-22 06:00:00+02:00,165.2957978276927,167.0334311443882,164.54681374618735,165.6153564453125,48116400
2024-04-23 06:00:00+02:00,165.12603141917054,166.8237256382575,164.69660595141522,166.67391967773438,49537800
2024-04-24 06:00:00+02:00,166.314409667324,169.07068091357843,165.98487007216977,168.7910614013672,48251800
2024-04-25 06:00:00+02:00,169.30036860607288,170.37890756324487,167.92223295444407,169.65988159179688,50558300
2024-04-26 06:00:00+02:00,169.64989490386353,171.10790873595283,168.95083089432222,169.0706787109375,44838400
2024-04-29 06:00:00+02:00,173.135155347243,175.79155587925112,172.86553204943687,173.26498413085938,68169400
2024-04-30 06:00:00+02:00,173.0952254245227,174.75298060286988,169.76973409860494,170.0992889404297,65934800
2024-05-01 06:00:00+02:00,169.35029821950587,172.47606337229135,168.88093363624031,169.0706787109375,50383100
2024-05-02 06:00:00+02:00,172.27632387025395,173.18509490154895,170.65852309137927,172.79562377929688,94214900
2024-05-03 06:00:00+02:00,186.39716669784414,186.74669869974952,182.41258111434803,183.13160705566406,163224100
2024-05-06 06:00:00+02:00,182.1030149635848,183.95050001542788,180.17562120419342,181.46388244628906,78569700
2024-05-07 06:00:00+02:00,183.2015043518014,184.6495372034914,181.07439990990315,182.15292358398438,77305800
2024-05-08 06:00:00+02:00,182.60232902746063,182.82203224839753,181.20421623621485,182.4924774169922,45057100
2024-05-09 06:00:00+02:00,182.31272011600538,184.4098817621062,181.86333268844692,184.32000732421875,48983000
2024-05-10 06:00:00+02:00,184.89999389648438,185.08999633789062,182.1300048828125,183.0500030517578,50759500
2024-05-13 06:00:00+02:00,185.44000244140625,187.10000610351562,184.6199951171875,186.27999877929688,72044800
2024-05-14 06:00:00+02:00,187.50999450683594,188.3000030517578,186.2899932861328,187.42999267578125,52393600
2024-05-15 06:00:00+02:00,187.91000366210938,190.64999389648438,187.3699951171875,189.72000122070312,70400000
2024-05-16 06:00:00+02:00,190.47000122070312,191.10000610351562,189.66000366210938,189.83999633789062,52845200
2024-05-17 06:00:00+02:00,189.50999450683594,190.80999755859375,189.17999267578125,189.8699951171875,41282900
2024-05-20 06:00:00+02:00,189.3300018310547,191.9199981689453,189.00999450683594,191.0399932861328,44361300
2024-05-21 06:00:00+02:00,191.08999633789062,192.72999572753906,190.9199981689453,192.35000610351562,42309400
2024-05-22 06:00:00+02:00,192.27000427246094,192.82000732421875,190.27000427246094,190.89999389648438,34648500
2024-05-23 06:00:00+02:00,190.97999572753906,191.0,186.6300048828125,186.8800048828125,51005900
2024-05-24 06:00:00+02:00,188.82000732421875,190.5800018310547,188.0399932861328,189.97999572753906,36294600
2024-05-28 06:00:00+02:00,191.50999450683594,193.0,189.10000610351562,189.99000549316406,52280100
2024-05-29 06:00:00+02:00,189.61000061035156,192.25,189.50999450683594,190.2899932861328,53068000
2024-05-30 06:00:00+02:00,190.75999450683594,192.17999267578125,190.6300048828125,191.2899932861328,49947900
2024-05-31 06:00:00+02:00,191.44000244140625,192.57000732421875,189.91000366210938,192.25,75158300
2024-06-03 06:00:00+02:00,192.89999389648438,194.99000549316406,192.52000427246094,194.02999877929688,50080500
2024-06-04 06:00:00+02:00,194.63999938964844,195.32000732421875,193.02999877929688,194.35000610351562,47471400
2024-06-05 06:00:00+02:00,195.39999389648438,196.89999389648438,194.8699951171875,195.8699951171875,54156800
2024-06-06 06:00:00+02:00,195.69000244140625,196.5,194.1699981689453,194.47999572753906,41181800
2024-06-07 06:00:00+02:00,194.64999389648438,196.94000244140625,194.13999938964844,196.88999938964844,53103900
2024-06-10 06:00:00+02:00,196.89999389648438,197.3000030517578,192.14999389648438,193.1199951171875,97262100
2024-06-11 06:00:00+02:00,193.64999389648438,207.16000366210938,193.6300048828125,207.14999389648438,172373300
2024-06-12 06:00:00+02:00,207.3699951171875,220.1999969482422,206.89999389648438,213.07000732421875,198134300
2024-06-13 06:00:00+02:00,214.74000549316406,216.75,211.60000610351562,214.24000549316406,97862700
2024-06-14 06:00:00+02:00,213.85000610351562,215.1699981689453,211.3000030517578,212.49000549316406,70122700
2024-06-17 06:00:00+02:00,213.3699951171875,218.9499969482422,212.72000122070312,216.6699981689453,93728300
2024-06-18 06:00:00+02:00,217.58999633789062,218.6300048828125,213.0,214.2899932861328,79943300
