,price
2019-02-19,15.899999618530273
2019-02-20,15.675000190734863
2019-02-21,15.008999824523926
2019-02-22,17.5
2019-02-23,17.5
2019-02-24,17.5
2019-02-25,19.357999801635742
2019-02-26,19.5
2019-02-27,19.466999053955078
2019-02-28,19.399999618530273
2019-03-01,19.916000366210938
2019-03-02,19.916000366210938
2019-03-03,19.916000366210938
2019-03-04,19.687000274658203
2019-03-05,18.795000076293945
2019-03-06,19.040000915527344
2019-03-07,18.586999893188477
2019-03-08,18.51300048828125
2019-03-09,18.51300048828125
2019-03-10,18.51300048828125
2019-03-11,19.48699951171875
2019-03-12,20.538000106811523
2019-03-13,20.850000381469727
2019-03-14,20.520000457763672
2019-03-15,20.85700035095215
2019-03-16,20.85700035095215
2019-03-17,20.85700035095215
2019-03-18,20.799999237060547
2019-03-19,20.43899917602539
2019-03-20,20.545000076293945
2019-03-21,20.44700050354004
2019-03-22,21.264999389648438
2019-03-23,21.264999389648438
2019-03-24,21.264999389648438
2019-03-25,20.149999618530273
2019-03-26,20.152999877929688
2019-03-27,18.770999908447266
2019-03-28,18.059999465942383
2019-03-29,18.910999298095703
2019-03-30,18.910999298095703
2019-03-31,18.910999298095703
2019-04-01,20.1560001373291
2019-04-02,20.600000381469727
2019-04-03,20.850000381469727
2019-04-04,20.700000762939453
2019-04-05,19.99799919128418
2019-04-06,19.99799919128418
2019-04-07,19.99799919128418
2019-04-08,19.55299949645996
2019-04-09,19.64699935913086
2019-04-10,19.496999740600586
2019-04-11,20.121000289916992
2019-04-12,20.260000228881836
2019-04-13,20.260000228881836
2019-04-14,20.260000228881836
2019-04-15,19.92799949645996
2019-04-16,20.374000549316406
2019-04-17,20.469999313354492
2019-04-18,19.81800079345703
2019-04-19,19.81800079345703
2019-04-20,19.81800079345703
2019-04-21,19.81800079345703
2019-04-22,19.825000762939453
2019-04-23,21.239999771118164
2019-04-24,21.224000930786133
2019-04-25,21.003000259399414
2019-04-26,21.423999786376953
2019-04-27,21.423999786376953
2019-04-28,21.423999786376953
2019-04-29,21.729999542236328
2019-04-30,21.958999633789062
2019-05-01,22.288999557495117
2019-05-02,22.0
2019-05-03,22.701000213623047
2019-05-04,22.701000213623047
2019-05-05,22.701000213623047
2019-05-06,22.5
2019-05-07,22.23699951171875
2019-05-08,21.624000549316406
2019-05-09,21.799999237060547
2019-05-10,19.10099983215332
2019-05-11,19.10099983215332
2019-05-12,19.10099983215332
2019-05-13,17.57699966430664
2019-05-14,17.95199966430664
2019-05-15,18.538999557495117
2019-05-16,20.06399917602539
2019-05-17,19.86199951171875
2019-05-18,19.86199951171875
2019-05-19,19.86199951171875
2019-05-20,19.316999435424805
2019-05-21,20.0049991607666
2019-05-22,19.71299934387207
2019-05-23,19.600000381469727
2019-05-24,19.75
2019-05-25,19.75
2019-05-26,19.75
2019-05-27,19.75
2019-05-28,19.69499969482422
2019-05-29,20.200000762939453
2019-05-30,20.302000045776367
2019-05-31,19.799999237060547
2019-06-01,19.799999237060547
2019-06-02,19.799999237060547
2019-06-03,19.98699951171875
2019-06-04,20.083999633789062
2019-06-05,22.45800018310547
2019-06-06,23.299999237060547
2019-06-07,23.899999618530273
2019-06-08,23.899999618530273
2019-06-09,23.899999618530273
2019-06-10,24.93600082397461
2019-06-11,25.36199951171875
2019-06-12,23.739999771118164
2019-06-13,24.28499984741211
2019-06-14,24.36400032043457
2019-06-15,24.36400032043457
2019-06-16,24.36400032043457
2019-06-17,24.652999877929688
2019-06-18,25.256999969482422
2019-06-19,24.753999710083008
2019-06-20,25.5
2019-06-21,24.905000686645508
2019-06-22,24.905000686645508
2019-06-23,24.905000686645508
2019-06-24,24.200000762939453
2019-06-25,23.450000762939453
2019-06-26,23.224000930786133
2019-06-27,22.611000061035156
2019-06-28,23.450000762939453
2019-06-29,23.450000762939453
2019-06-30,23.450000762939453
2019-07-01,23.600000381469727
2019-07-02,22.909000396728516
2019-07-03,23.430999755859375
2019-07-04,23.430999755859375
2019-07-05,23.16699981689453
2019-07-06,23.16699981689453
2019-07-07,23.16699981689453
2019-07-08,23.56999969482422
2019-07-09,23.878999710083008
2019-07-10,24.343000411987305
2019-07-11,24.149999618530273
2019-07-12,24.143999099731445
2019-07-13,24.143999099731445
2019-07-14,24.143999099731445
2019-07-15,24.45800018310547
2019-07-16,24.801000595092773
2019-07-17,24.405000686645508
2019-07-18,23.969999313354492
2019-07-19,24.39900016784668
2019-07-20,24.39900016784668
2019-07-21,24.39900016784668
2019-07-22,23.60300064086914
2019-07-23,25.06999969482422
2019-07-24,23.93000030517578
2019-07-25,24.801000595092773
2019-07-26,25.733999252319336
2019-07-27,25.733999252319336
2019-07-28,25.733999252319336
2019-07-29,27.899999618530273
2019-07-30,25.68400001525879
2019-07-31,26.639999389648438
2019-08-01,26.43899917602539
2019-08-02,26.263999938964844
2019-08-03,26.263999938964844
2019-08-04,26.263999938964844
2019-08-05,25.0
2019-08-06,25.51300048828125
2019-08-07,24.812999725341797
2019-08-08,26.25
2019-08-09,27.15999984741211
2019-08-10,27.15999984741211
2019-08-11,27.15999984741211
2019-08-12,27.114999771118164
2019-08-13,25.459999084472656
2019-08-14,25.604000091552734
2019-08-15,25.05900001525879
2019-08-16,24.70599937438965
2019-08-17,24.70599937438965
2019-08-18,24.70599937438965
2019-08-19,25.378999710083008
2019-08-20,24.284000396728516
2019-08-21,25.475000381469727
2019-08-22,25.905000686645508
2019-08-23,25.8799991607666
2019-08-24,25.8799991607666
2019-08-25,25.8799991607666
2019-08-26,25.1560001373291
2019-08-27,25.31800079345703
2019-08-28,24.415000915527344
2019-08-29,25.224000930786133
2019-08-30,25.18000030517578
2019-08-31,25.18000030517578
2019-09-01,25.18000030517578
2019-09-02,25.18000030517578
2019-09-03,24.21299934387207
2019-09-04,23.975000381469727
2019-09-05,24.43600082397461
2019-09-06,24.393999099731445
2019-09-07,24.393999099731445
2019-09-08,24.393999099731445
2019-09-09,23.513999938964844
2019-09-10,20.83099937438965
2019-09-11,21.100000381469727
2019-09-12,21.378000259399414
2019-09-13,21.301000595092773
2019-09-14,21.301000595092773
2019-09-15,21.301000595092773
2019-09-16,20.42099952697754
2019-09-17,21.06399917602539
2019-09-18,21.280000686645508
2019-09-19,20.95199966430664
2019-09-20,21.233999252319336
2019-09-21,21.233999252319336
2019-09-22,21.233999252319336
2019-09-23,20.599000930786133
2019-09-24,20.5
2019-09-25,19.114999771118164
2019-09-26,19.698999404907227
2019-09-27,19.452999114990234
2019-09-28,19.452999114990234
2019-09-29,19.452999114990234
2019-09-30,18.51799964904785
2019-10-01,18.801000595092773
2019-10-02,18.083999633789062
2019-10-03,18.41900062561035
2019-10-04,19.149999618530273
2019-10-05,19.149999618530273
2019-10-06,19.149999618530273
2019-10-07,18.781999588012695
2019-10-08,19.18199920654297
2019-10-09,19.26799964904785
2019-10-10,18.9950008392334
2019-10-11,19.320999145507812
2019-10-12,19.320999145507812
2019-10-13,19.320999145507812
2019-10-14,19.79800033569336
2019-10-15,20.267000198364258
2019-10-16,20.81999969482422
2019-10-17,19.72800064086914
2019-10-18,20.1200008392334
2019-10-19,20.1200008392334
2019-10-20,20.1200008392334
2019-10-21,19.615999221801758
2019-10-22,20.208999633789062
2019-10-23,18.950000762939453
2019-10-24,19.492000579833984
2019-10-25,19.538999557495117
2019-10-26,19.538999557495117
2019-10-27,19.538999557495117
2019-10-28,20.527000427246094
2019-10-29,20.969999313354492
2019-10-30,20.864999771118164
2019-10-31,20.993000030517578
2019-11-01,20.270999908447266
2019-11-02,20.270999908447266
2019-11-03,20.270999908447266
2019-11-04,20.549999237060547
2019-11-05,20.358999252319336
2019-11-06,20.125999450683594
2019-11-07,19.319000244140625
2019-11-08,18.86400032043457
2019-11-09,18.86400032043457
2019-11-10,18.86400032043457
2019-11-11,19.211999893188477
2019-11-12,21.799999237060547
2019-11-13,22.257999420166016
2019-11-14,22.799999237060547
2019-11-15,22.902999877929688
2019-11-16,22.902999877929688
2019-11-17,22.902999877929688
2019-11-18,22.812000274658203
2019-11-19,23.267000198364258
2019-11-20,23.600000381469727
2019-11-21,24.121000289916992
2019-11-22,24.125
2019-11-23,24.125
2019-11-24,24.125
2019-11-25,24.600000381469727
2019-11-26,25.700000762939453
2019-11-27,26.350000381469727
2019-11-28,26.350000381469727
2019-11-29,26.363000869750977
2019-11-30,26.363000869750977
2019-12-01,26.363000869750977
2019-12-02,26.11199951171875
2019-12-03,22.104999542236328
2019-12-04,24.010000228881836
2019-12-05,24.5
2019-12-06,25.55699920654297
2019-12-07,25.55699920654297
2019-12-08,25.55699920654297
2019-12-09,24.735000610351562
2019-12-10,24.947999954223633
2019-12-11,25.17300033569336
2019-12-12,24.920000076293945
2019-12-13,24.597999572753906
2019-12-14,24.597999572753906
2019-12-15,24.597999572753906
2019-12-16,25.43400001525879
2019-12-17,25.54800033569336
2019-12-18,24.924999237060547
2019-12-19,25.55299949645996
2019-12-20,26.43899917602539
2019-12-21,26.43899917602539
2019-12-22,26.43899917602539
2019-12-23,26.593000411987305
2019-12-24,26.899999618530273
2019-12-25,26.899999618530273
2019-12-26,26.899999618530273
2019-12-27,27.586000442504883
2019-12-28,27.586000442504883
2019-12-29,27.586000442504883
2019-12-30,27.207000732421875
2019-12-31,24.910999298095703
2020-01-01,24.910999298095703
2020-01-02,26.351999282836914
2020-01-03,26.475000381469727
2020-01-04,26.475000381469727
2020-01-05,26.475000381469727
2020-01-06,26.701000213623047
2020-01-07,27.90399932861328
2020-01-08,28.027999877929688
2020-01-09,29.10099983215332
2020-01-10,28.584999084472656
2020-01-11,28.584999084472656
2020-01-12,28.584999084472656
2020-01-13,28.141000747680664
2020-01-14,28.979000091552734
2020-01-15,28.260000228881836
2020-01-16,28.632999420166016
2020-01-17,28.358999252319336
2020-01-18,28.358999252319336
2020-01-19,28.358999252319336
2020-01-20,28.358999252319336
2020-01-21,28.094999313354492
2020-01-22,28.388999938964844
2020-01-23,28.224000930786133
2020-01-24,28.329999923706055
2020-01-25,28.329999923706055
2020-01-26,28.329999923706055
2020-01-27,26.94099998474121
2020-01-28,27.500999450683594
2020-01-29,28.40399932861328
2020-01-30,27.740999221801758
2020-01-31,27.84600067138672
2020-02-01,27.84600067138672
2020-02-02,27.84600067138672
2020-02-03,26.80699920654297
2020-02-04,27.95599937438965
2020-02-05,30.958999633789062
2020-02-06,28.893999099731445
2020-02-07,28.82200050354004
2020-02-08,28.82200050354004
2020-02-09,28.82200050354004
2020-02-10,29.152999877929688
2020-02-11,30.100000381469727
2020-02-12,30.049999237060547
2020-02-13,30.052000045776367
2020-02-14,30.96299934387207
2020-02-15,30.96299934387207
2020-02-16,30.96299934387207
2020-02-17,30.96299934387207
2020-02-18,30.600000381469727
2020-02-19,31.209999084472656
2020-02-20,31.486000061035156
2020-02-21,30.899999618530273
2020-02-22,30.899999618530273
2020-02-23,30.899999618530273
2020-02-24,27.799999237060547
2020-02-25,29.04599952697754
2020-02-26,27.350000381469727
2020-02-27,25.315000534057617
2020-02-28,26.469999313354492
2020-02-29,26.469999313354492
2020-03-01,26.469999313354492
2020-03-02,29.551000595092773
2020-03-03,28.635000228881836
2020-03-04,28.433000564575195
2020-03-05,26.80500030517578
2020-03-06,26.499000549316406
2020-03-07,26.499000549316406
2020-03-08,26.499000549316406
2020-03-09,22.576000213623047
2020-03-10,23.023000717163086
2020-03-11,22.700000762939453
2020-03-12,20.049999237060547
2020-03-13,20.899999618530273
2020-03-14,20.899999618530273
2020-03-15,20.899999618530273
2020-03-16,17.599000930786133
2020-03-17,16.5
2020-03-18,15.699999809265137
2020-03-19,14.619999885559082
2020-03-20,17.320999145507812
2020-03-21,17.320999145507812
2020-03-22,17.320999145507812
2020-03-23,17.069000244140625
2020-03-24,19.216999053955078
2020-03-25,19.957000732421875
2020-03-26,19.822999954223633
2020-03-27,19.950000762939453
2020-03-28,19.950000762939453
2020-03-29,19.950000762939453
2020-03-30,19.69700050354004
2020-03-31,19.610000610351562
2020-04-01,18.489999771118164
2020-04-02,17.0
2020-04-03,16.577999114990234
2020-04-04,16.577999114990234
2020-04-05,16.577999114990234
2020-04-06,16.950000762939453
2020-04-07,20.5
2020-04-08,19.70400047302246
2020-04-09,21.700000762939453
2020-04-10,21.700000762939453
2020-04-11,21.700000762939453
2020-04-12,21.700000762939453
2020-04-13,21.53499984741211
2020-04-14,23.187000274658203
2020-04-15,22.450000762939453
2020-04-16,23.024999618530273
2020-04-17,23.121999740600586
2020-04-18,23.121999740600586
2020-04-19,23.121999740600586
2020-04-20,22.423999786376953
2020-04-21,22.959999084472656
2020-04-22,22.690000534057617
2020-04-23,25.00200080871582
2020-04-24,25.5
2020-04-25,25.5
2020-04-26,25.5
2020-04-27,26.329999923706055
2020-04-28,26.95400047302246
2020-04-29,26.82900047302246
2020-04-30,29.572999954223633
2020-05-01,28.209999084472656
2020-05-02,28.209999084472656
2020-05-03,28.209999084472656
2020-05-04,27.422000885009766
2020-05-05,30.0
2020-05-06,30.43400001525879
2020-05-07,32.150001525878906
2020-05-08,29.93000030517578
2020-05-09,29.93000030517578
2020-05-10,29.93000030517578
2020-05-11,30.69499969482422
2020-05-12,30.7549991607666
2020-05-13,31.25200080871582
2020-05-14,28.451000213623047
2020-05-15,29.149999618530273
2020-05-16,29.149999618530273
2020-05-17,29.149999618530273
2020-05-18,31.04800033569336
2020-05-19,29.902000427246094
2020-05-20,30.145000457763672
2020-05-21,29.641000747680664
2020-05-22,30.72599983215332
2020-05-23,30.72599983215332
2020-05-24,30.72599983215332
2020-05-25,30.72599983215332
2020-05-26,31.475000381469727
2020-05-27,29.850000381469727
2020-05-28,29.143999099731445
2020-05-29,30.059999465942383
2020-05-30,30.059999465942383
2020-05-31,30.059999465942383
2020-06-01,31.016000747680664
2020-06-02,31.000999450683594
2020-06-03,32.0
2020-06-04,35.10100173950195
2020-06-05,33.70000076293945
2020-06-06,33.70000076293945
2020-06-07,33.70000076293945
2020-06-08,35.630001068115234
2020-06-09,35.513999938964844
2020-06-10,36.5
2020-06-11,35.22999954223633
2020-06-12,36.099998474121094
2020-06-13,36.099998474121094
2020-06-14,36.099998474121094
2020-06-15,34.55500030517578
2020-06-16,37.73500061035156
2020-06-17,37.66600036621094
2020-06-18,38.255001068115234
2020-06-19,40.0
2020-06-20,40.0
2020-06-21,40.0
2020-06-22,40.39899826049805
2020-06-23,40.900001525878906
2020-06-24,40.900001525878906
2020-06-25,39.215999603271484
2020-06-26,41.02899932861328
2020-06-27,41.02899932861328
2020-06-28,41.02899932861328
2020-06-29,40.5890007019043
2020-06-30,40.7400016784668
2020-07-01,40.70800018310547
2020-07-02,43.67499923706055
2020-07-03,43.67499923706055
2020-07-04,43.67499923706055
2020-07-05,43.67499923706055
2020-07-06,46.1510009765625
2020-07-07,44.5
2020-07-08,45.922000885009766
2020-07-09,47.0
2020-07-10,46.1150016784668
2020-07-11,46.1150016784668
2020-07-12,46.1150016784668
2020-07-13,46.86399841308594
2020-07-14,42.89899826049805
2020-07-15,43.7760009765625
2020-07-16,42.77299880981445
2020-07-17,43.08000183105469
2020-07-18,43.08000183105469
2020-07-19,43.08000183105469
2020-07-20,43.57500076293945
2020-07-21,46.000999450683594
2020-07-22,44.53099822998047
2020-07-23,44.099998474121094
2020-07-24,41.395999908447266
2020-07-25,41.395999908447266
2020-07-26,41.395999908447266
2020-07-27,43.00600051879883
2020-07-28,43.00699996948242
2020-07-29,42.5880012512207
2020-07-30,42.391998291015625
2020-07-31,43.96099853515625
2020-08-01,43.96099853515625
2020-08-02,43.96099853515625
2020-08-03,45.599998474121094
2020-08-04,47.46900177001953
2020-08-05,48.11000061035156
2020-08-06,49.29349899291992
2020-08-07,49.60200119018555
2020-08-08,49.60200119018555
2020-08-09,49.60200119018555
2020-08-10,49.084999084472656
2020-08-11,45.518001556396484
2020-08-12,44.99589920043945
2020-08-13,46.505001068115234
2020-08-14,47.5
2020-08-15,47.5
2020-08-16,47.5
2020-08-17,47.24399948120117
2020-08-18,47.75
2020-08-19,46.900001525878906
2020-08-20,45.999000549316406
2020-08-21,46.84000015258789
2020-08-22,46.84000015258789
2020-08-23,46.84000015258789
2020-08-24,46.768798828125
2020-08-25,46.34600067138672
2020-08-26,47.345001220703125
2020-08-27,47.986000061035156
2020-08-28,47.608001708984375
2020-08-29,47.608001708984375
2020-08-30,47.608001708984375
2020-08-31,48.619998931884766
2020-09-01,48.66600036621094
2020-09-02,51.209999084472656
2020-09-03,49.553199768066406
2020-09-04,45.624000549316406
2020-09-05,45.624000549316406
2020-09-06,45.624000549316406
2020-09-07,45.624000549316406
2020-09-08,41.70000076293945
2020-09-09,43.41170120239258
2020-09-10,44.099998474121094
2020-09-11,43.215999603271484
2020-09-12,43.215999603271484
2020-09-13,43.215999603271484
2020-09-14,42.64500045776367
2020-09-15,44.207000732421875
2020-09-16,44.45399856567383
2020-09-17,42.30099868774414
2020-09-18,43.41999816894531
2020-09-19,43.41999816894531
2020-09-20,43.41999816894531
2020-09-21,42.35100173950195
2020-09-22,46.695499420166016
2020-09-23,46.53799819946289
2020-09-24,44.957000732421875
2020-09-25,45.582000732421875
2020-09-26,45.582000732421875
2020-09-27,45.582000732421875
2020-09-28,48.00400161743164
2020-09-29,48.85200119018555
2020-09-30,49.6609992980957
2020-10-01,52.999000549316406
2020-10-02,53.595001220703125
2020-10-03,53.595001220703125
2020-10-04,53.595001220703125
2020-10-05,56.66299819946289
2020-10-06,57.29999923706055
2020-10-07,59.499000549316406
2020-10-08,60.3489990234375
2020-10-09,60.4010009765625
2020-10-10,60.4010009765625
2020-10-11,60.4010009765625
2020-10-12,62.19900131225586
2020-10-13,62.465999603271484
2020-10-14,66.69999694824219
2020-10-15,62.400001525878906
2020-10-16,61.22200012207031
2020-10-17,61.22200012207031
2020-10-18,61.22200012207031
2020-10-19,60.85900115966797
2020-10-20,62.4010009765625
2020-10-21,62.27000045776367
2020-10-22,62.308998107910156
2020-10-23,61.150001525878906
2020-10-24,61.150001525878906
2020-10-25,61.150001525878906
2020-10-26,61.196998596191406
2020-10-27,61.499000549316406
2020-10-28,60.02000045776367
2020-10-29,60.308998107910156
2020-10-30,61.20800018310547
2020-10-31,61.20800018310547
2020-11-01,61.20800018310547
2020-11-02,57.15399932861328
2020-11-03,56.500999450683594
2020-11-04,61.0
2020-11-05,65.16200256347656
2020-11-06,73.14099884033203
2020-11-07,73.14099884033203
2020-11-08,73.14099884033203
2020-11-09,80.0
2020-11-10,76.5
2020-11-11,72.6500015258789
2020-11-12,74.54499816894531
2020-11-13,74.5999984741211
2020-11-14,74.5999984741211
2020-11-15,74.5999984741211
2020-11-16,72.0009994506836
2020-11-17,75.34300231933594
2020-11-18,78.6500015258789
2020-11-19,77.59600067138672
2020-11-20,80.88800048828125
2020-11-21,80.88800048828125
2020-11-22,80.88800048828125
2020-11-23,84.0999984741211
2020-11-24,83.7490005493164
2020-11-25,84.80000305175781
2020-11-26,84.80000305175781
2020-11-27,87.03600311279297
2020-11-28,87.03600311279297
2020-11-29,87.03600311279297
2020-11-30,88.0
2020-12-01,90.40599822998047
2020-12-02,87.0999984741211
2020-12-03,87.20600128173828
2020-12-04,89.22000122070312
2020-12-05,89.22000122070312
2020-12-06,89.22000122070312
2020-12-07,90.70099639892578
2020-12-08,91.0
2020-12-09,91.86799621582031
2020-12-10,87.61699676513672
2020-12-11,91.56700134277344
2020-12-12,91.56700134277344
2020-12-13,91.56700134277344
2020-12-14,92.9000015258789
2020-12-15,92.32599639892578
2020-12-16,92.7959976196289
2020-12-17,94.5
2020-12-18,94.99500274658203
2020-12-19,94.99500274658203
2020-12-20,94.99500274658203
2020-12-21,93.80000305175781
2020-12-22,94.22599792480469
2020-12-23,96.9000015258789
2020-12-24,93.01000213623047
2020-12-25,93.01000213623047
2020-12-26,93.01000213623047
2020-12-27,93.01000213623047
2020-12-28,94.16799926757812
2020-12-29,84.01599884033203
2020-12-30,82.0999984741211
2020-12-31,82.30000305175781
2021-01-01,82.30000305175781
2021-01-02,82.30000305175781
2021-01-03,82.30000305175781
2021-01-04,80.5999984741211
2021-01-05,77.6760025024414
2021-01-06,76.66539764404297
2021-01-07,75.5
2021-01-08,77.1989974975586
2021-01-09,77.1989974975586
2021-01-10,77.1989974975586
2021-01-11,77.60099792480469
2021-01-12,78.88300323486328
2021-01-13,81.0999984741211
2021-01-14,79.16500091552734
2021-01-15,77.52999877929688
2021-01-16,77.52999877929688
2021-01-17,77.52999877929688
2021-01-18,77.52999877929688
2021-01-19,79.22699737548828
2021-01-20,78.70500183105469
2021-01-21,83.39099884033203
2021-01-22,81.16999816894531
2021-01-23,81.16999816894531
2021-01-24,81.16999816894531
2021-01-25,81.71499633789062
2021-01-26,79.30000305175781
2021-01-27,75.9000015258789
2021-01-28,77.49949645996094
2021-01-29,78.65699768066406
2021-01-30,78.65699768066406
2021-01-31,78.65699768066406
2021-02-01,78.24700164794922
2021-02-02,81.0
2021-02-03,85.0009994506836
2021-02-04,85.0999984741211
2021-02-05,86.43060302734375
2021-02-06,86.43060302734375
2021-02-07,86.43060302734375
2021-02-08,86.5
2021-02-09,85.0
2021-02-10,87.14199829101562
2021-02-11,86.70099639892578
2021-02-12,86.10099792480469
2021-02-13,86.10099792480469
2021-02-14,86.10099792480469
2021-02-15,86.10099792480469
2021-02-16,86.9530029296875
2021-02-17,85.0999984741211
2021-02-18,83.56900024414062
2021-02-19,84.0989990234375
2021-02-20,84.0989990234375
2021-02-21,84.0989990234375
2021-02-22,88.47200012207031
2021-02-23,81.0
2021-02-24,79.052001953125
2021-02-25,77.29299926757812
2021-02-26,76.52999877929688
2021-02-27,76.52999877929688
2021-02-28,76.52999877929688
2021-03-01,81.9800033569336
2021-03-02,83.5
2021-03-03,79.12000274658203
2021-03-04,69.0009994506836
2021-03-05,65.0
2021-03-06,65.0
2021-03-07,65.0
2021-03-08,67.802001953125
2021-03-09,71.9000015258789
2021-03-10,73.5999984741211
2021-03-11,74.50399780273438
2021-03-12,73.50199890136719
2021-03-13,73.50199890136719
2021-03-14,73.50199890136719
2021-03-15,75.20500183105469
2021-03-16,76.43000030517578
2021-03-17,74.76300048828125
2021-03-18,74.9020004272461
2021-03-19,70.5
2021-03-20,70.5
2021-03-21,70.5
2021-03-22,74.22540283203125
2021-03-23,74.21299743652344
2021-03-24,72.46099853515625
2021-03-25,65.30000305175781
2021-03-26,65.45700073242188
2021-03-27,65.45700073242188
2021-03-28,65.45700073242188
2021-03-29,66.80400085449219
2021-03-30,60.500999450683594
2021-03-31,63.96500015258789
2021-04-01,67.39099884033203
2021-04-02,67.39099884033203
2021-04-03,67.39099884033203
2021-04-04,67.39099884033203
2021-04-05,67.5
2021-04-06,66.60749816894531
2021-04-07,67.0
2021-04-08,68.71299743652344
2021-04-09,69.0
2021-04-10,69.0
2021-04-11,69.0
2021-04-12,68.74299621582031
2021-04-13,71.57599639892578
2021-04-14,72.69000244140625
2021-04-15,73.30000305175781
2021-04-16,73.10099792480469
2021-04-17,73.10099792480469
2021-04-18,73.10099792480469
2021-04-19,70.23899841308594
2021-04-20,69.51899719238281
2021-04-21,68.33399963378906
2021-04-22,71.11100006103516
2021-04-23,70.7770004272461
2021-04-24,70.7770004272461
2021-04-25,70.7770004272461
2021-04-26,73.0
2021-04-27,74.88300323486328
2021-04-28,75.11100006103516
2021-04-29,75.88899993896484
2021-04-30,73.58399963378906
2021-05-01,73.58399963378906
2021-05-02,73.58399963378906
2021-05-03,73.23600006103516
2021-05-04,69.3292007446289
2021-05-05,67.93800354003906
2021-05-06,63.5
2021-05-07,62.85020065307617
2021-05-08,62.85020065307617
2021-05-09,62.85020065307617
2021-05-10,56.742000579833984
2021-05-11,47.48550033569336
2021-05-12,50.29999923706055
2021-05-13,50.84000015258789
2021-05-14,50.34199905395508
2021-05-15,50.34199905395508
2021-05-16,50.34199905395508
2021-05-17,51.01300048828125
2021-05-18,50.720001220703125
2021-05-19,50.0
2021-05-20,51.599998474121094
2021-05-21,55.38019943237305
2021-05-22,55.38019943237305
2021-05-23,55.38019943237305
2021-05-24,54.70500183105469
2021-05-25,56.525001525878906
2021-05-26,56.516998291015625
2021-05-27,57.88100051879883
2021-05-28,58.84000015258789
2021-05-29,58.84000015258789
2021-05-30,58.84000015258789
2021-05-31,58.84000015258789
2021-06-01,59.51499938964844
2021-06-02,58.1510009765625
2021-06-03,57.500999450683594
2021-06-04,57.25699996948242
2021-06-05,57.25699996948242
2021-06-06,57.25699996948242
2021-06-07,57.400001525878906
2021-06-08,60.45399856567383
2021-06-09,61.0
2021-06-10,58.5
2021-06-11,59.59299850463867
2021-06-12,59.59299850463867
2021-06-13,59.59299850463867
2021-06-14,60.64400100708008
2021-06-15,60.04800033569336
2021-06-16,58.5
2021-06-17,59.13999938964844
2021-06-18,61.810001373291016
2021-06-19,61.810001373291016
2021-06-20,61.810001373291016
2021-06-21,60.68000030517578
2021-06-22,60.869998931884766
2021-06-23,64.947998046875
2021-06-24,66.2300033569336
2021-06-25,75.7490005493164
2021-06-26,75.7490005493164
2021-06-27,75.7490005493164
2021-06-28,77.06999969482422
2021-06-29,79.5
2021-06-30,78.88999938964844
2021-07-01,77.16000366210938
2021-07-02,77.86000061035156
2021-07-03,77.86000061035156
2021-07-04,77.86000061035156
2021-07-05,77.86000061035156
2021-07-06,76.87999725341797
2021-07-07,78.06999969482422
2021-07-08,74.56999969482422
2021-07-09,77.5199966430664
2021-07-10,77.5199966430664
2021-07-11,77.5199966430664
2021-07-12,78.55000305175781
2021-07-13,77.97000122070312
2021-07-14,77.44000244140625
2021-07-15,72.41000366210938
2021-07-16,72.86000061035156
2021-07-17,72.86000061035156
2021-07-18,72.86000061035156
2021-07-19,67.91999816894531
2021-07-20,71.69400024414062
2021-07-21,73.44000244140625
2021-07-22,74.70999908447266
2021-07-23,77.47000122070312
2021-07-24,77.47000122070312
2021-07-25,77.47000122070312
2021-07-26,80.06900024414062
2021-07-27,81.58000183105469
2021-07-28,83.19999694824219
2021-07-29,84.30000305175781
2021-07-30,82.5
2021-07-31,82.5
2021-08-01,82.5
2021-08-02,82.16000366210938
2021-08-03,83.0
2021-08-04,83.0
2021-08-05,84.80000305175781
2021-08-06,83.1500015258789
2021-08-07,83.1500015258789
2021-08-08,83.1500015258789
2021-08-09,82.56999969482422
2021-08-10,82.8499984741211
2021-08-11,86.30999755859375
2021-08-12,82.2699966430664
2021-08-13,85.0
2021-08-14,85.0
2021-08-15,85.0
2021-08-16,80.0979995727539
2021-08-17,78.5
2021-08-18,79.5199966430664
2021-08-19,75.68000030517578
2021-08-20,75.91999816894531
2021-08-21,75.91999816894531
2021-08-22,75.91999816894531
2021-08-23,77.66000366210938
2021-08-24,80.0999984741211
2021-08-25,80.7760009765625
2021-08-26,79.8499984741211
2021-08-27,79.18000030517578
2021-08-28,79.18000030517578
2021-08-29,79.18000030517578
2021-08-30,80.5999984741211
2021-08-31,80.12000274658203
2021-09-01,80.25
2021-09-02,79.93299865722656
2021-09-03,77.9800033569336
2021-09-04,77.9800033569336
2021-09-05,77.9800033569336
2021-09-06,77.9800033569336
2021-09-07,78.44000244140625
2021-09-08,74.94999694824219
2021-09-09,72.13999938964844
2021-09-10,73.66000366210938
2021-09-11,73.66000366210938
2021-09-12,73.66000366210938
2021-09-13,72.3499984741211
2021-09-14,71.5
2021-09-15,70.5199966430664
2021-09-16,70.44999694824219
2021-09-17,73.11000061035156
2021-09-18,73.11000061035156
2021-09-19,73.11000061035156
2021-09-20,69.61000061035156
2021-09-21,70.47000122070312
2021-09-22,72.30000305175781
2021-09-23,76.62000274658203
2021-09-24,75.0999984741211
2021-09-25,75.0999984741211
2021-09-26,75.0999984741211
2021-09-27,75.72000122070312
2021-09-28,73.91000366210938
2021-09-29,70.69999694824219
2021-09-30,68.58000183105469
2021-10-01,70.02999877929688
2021-10-02,70.02999877929688
2021-10-03,70.02999877929688
2021-10-04,69.16000366210938
2021-10-05,66.83999633789062
2021-10-06,66.30000305175781
2021-10-07,69.51300048828125
2021-10-08,70.83000183105469
2021-10-09,70.83000183105469
2021-10-10,70.83000183105469
2021-10-11,70.5
2021-10-12,71.79000091552734
2021-10-13,73.38999938964844
2021-10-14,77.05000305175781
2021-10-15,77.41000366210938
2021-10-16,77.41000366210938
2021-10-17,77.41000366210938
2021-10-18,78.45999908447266
2021-10-19,81.16000366210938
2021-10-20,82.16500091552734
2021-10-21,79.16999816894531
2021-10-22,76.7300033569336
2021-10-23,76.7300033569336
2021-10-24,76.7300033569336
2021-10-25,74.16000366210938
2021-10-26,76.94999694824219
2021-10-27,76.5
2021-10-28,73.25
2021-10-29,74.58599853515625
2021-10-30,74.58599853515625
2021-10-31,74.58599853515625
2021-11-01,75.19499969482422
2021-11-02,76.05999755859375
2021-11-03,75.2699966430664
2021-11-04,75.66000366210938
2021-11-05,72.98999786376953
2021-11-06,72.98999786376953
2021-11-07,72.98999786376953
2021-11-08,84.30000305175781
2021-11-09,89.60700225830078
2021-11-10,91.98999786376953
2021-11-11,90.4000015258789
2021-11-12,93.69999694824219
2021-11-13,93.69999694824219
2021-11-14,93.69999694824219
2021-11-15,99.91000366210938
2021-11-16,104.72000122070312
2021-11-17,111.08999633789062
2021-11-18,108.29000091552734
2021-11-19,108.2300033569336
2021-11-20,108.2300033569336
2021-11-21,108.2300033569336
2021-11-22,107.30999755859375
2021-11-23,101.26000213623047
2021-11-24,102.22000122070312
2021-11-25,102.22000122070312
2021-11-26,103.81999969482422
2021-11-27,103.81999969482422
2021-11-28,103.81999969482422
2021-11-29,105.22000122070312
2021-11-30,107.36299896240234
2021-12-01,105.1969985961914
2021-12-02,95.31700134277344
2021-12-03,95.69999694824219
2021-12-04,95.69999694824219
2021-12-05,95.69999694824219
2021-12-06,87.61000061035156
2021-12-07,94.3499984741211
2021-12-08,95.5199966430664
2021-12-09,97.62000274658203
2021-12-10,96.30000305175781
2021-12-11,96.30000305175781
2021-12-12,96.30000305175781
2021-12-13,94.41000366210938
2021-12-14,90.16000366210938
2021-12-15,88.4800033569336
2021-12-16,92.62000274658203
2021-12-17,84.51000213623047
2021-12-18,84.51000213623047
2021-12-19,84.51000213623047
2021-12-20,88.06999969482422
2021-12-21,91.4000015258789
2021-12-22,92.19999694824219
2021-12-23,94.31999969482422
2021-12-24,94.31999969482422
2021-12-25,94.31999969482422
2021-12-26,94.31999969482422
2021-12-27,96.52999877929688
2021-12-28,98.21499633789062
2021-12-29,94.0719985961914
2021-12-30,92.11000061035156
2021-12-31,94.18000030517578
2022-01-01,94.18000030517578
2022-01-02,94.18000030517578
2022-01-03,92.66000366210938
2022-01-04,89.9800033569336
2022-01-05,83.5199966430664
2022-01-06,78.0
2022-01-07,78.0
2022-01-08,78.0
2022-01-09,78.0
2022-01-10,75.51000213623047
2022-01-11,80.34100341796875
2022-01-12,85.5199966430664
2022-01-13,82.48999786376953
2022-01-14,74.83000183105469
2022-01-15,74.83000183105469
2022-01-16,74.83000183105469
2022-01-17,74.83000183105469
2022-01-18,72.81999969482422
2022-01-19,71.61000061035156
2022-01-20,70.18199920654297
2022-01-21,66.11000061035156
2022-01-22,66.11000061035156
2022-01-23,66.11000061035156
2022-01-24,56.31999969482422
2022-01-25,62.88999938964844
2022-01-26,66.58000183105469
2022-01-27,62.650001525878906
2022-01-28,60.88999938964844
2022-01-29,60.88999938964844
2022-01-30,60.88999938964844
2022-01-31,64.37999725341797
2022-02-01,70.45999908447266
2022-02-02,72.87000274658203
2022-02-03,64.43000030517578
2022-02-04,67.66000366210938
2022-02-05,67.66000366210938
2022-02-06,67.66000366210938
2022-02-07,72.97000122070312
2022-02-08,72.4000015258789
2022-02-09,77.7300033569336
2022-02-10,78.70999908447266
2022-02-11,81.30999755859375
2022-02-12,81.30999755859375
2022-02-13,81.30999755859375
2022-02-14,75.93000030517578
2022-02-15,79.23999786376953
2022-02-16,76.81999969482422
2022-02-17,78.4749984741211
2022-02-18,78.75
2022-02-19,78.75
2022-02-20,78.75
2022-02-21,78.75
2022-02-22,75.375
2022-02-23,75.98999786376953
2022-02-24,69.66500091552734
2022-02-25,81.98999786376953
2022-02-26,81.98999786376953
2022-02-27,81.98999786376953
2022-02-28,83.5
2022-03-01,85.49500274658203
2022-03-02,83.45999908447266
2022-03-03,82.37000274658203
2022-03-04,79.79000091552734
2022-03-05,79.79000091552734
2022-03-06,79.79000091552734
2022-03-07,75.5999984741211
2022-03-08,65.62000274658203
2022-03-09,65.19999694824219
2022-03-10,64.79000091552734
2022-03-11,63.95000076293945
2022-03-12,63.95000076293945
2022-03-13,63.95000076293945
2022-03-14,56.400001525878906
2022-03-15,52.61000061035156
2022-03-16,55.52000045776367
2022-03-17,59.529998779296875
2022-03-18,64.77999877929688
2022-03-19,64.77999877929688
2022-03-20,64.77999877929688
2022-03-21,68.22000122070312
2022-03-22,66.87999725341797
2022-03-23,66.4800033569336
2022-03-24,67.11000061035156
2022-03-25,68.2300033569336
2022-03-26,68.2300033569336
2022-03-27,68.2300033569336
2022-03-28,65.5999984741211
2022-03-29,70.62999725341797
2022-03-30,72.0199966430664
2022-03-31,71.7699966430664
2022-04-01,69.8499984741211
2022-04-02,69.8499984741211
2022-04-03,69.8499984741211
2022-04-04,72.52999877929688
2022-04-05,74.61000061035156
2022-04-06,70.13999938964844
2022-04-07,67.5199966430664
2022-04-08,67.25
2022-04-09,67.25
2022-04-10,67.25
2022-04-11,66.06999969482422
2022-04-12,68.9000015258789
2022-04-13,65.66000366210938
2022-04-14,66.6500015258789
2022-04-15,66.6500015258789
2022-04-16,66.6500015258789
2022-04-17,66.6500015258789
2022-04-18,63.02000045776367
2022-04-19,61.97999954223633
2022-04-20,69.30000305175781
2022-04-21,68.38999938964844
2022-04-22,62.7599983215332
2022-04-23,62.7599983215332
2022-04-24,62.7599983215332
2022-04-25,59.0
2022-04-26,61.900001525878906
2022-04-27,59.25
2022-04-28,58.619998931884766
2022-04-29,60.36000061035156
2022-04-30,60.36000061035156
2022-05-01,60.36000061035156
2022-05-02,58.5099983215332
2022-05-03,61.89500045776367
2022-05-04,60.59000015258789
2022-05-05,61.2599983215332
2022-05-06,54.15999984741211
2022-05-07,54.15999984741211
2022-05-08,54.15999984741211
2022-05-09,47.0
2022-05-10,46.400001525878906
2022-05-11,42.11000061035156
2022-05-12,41.91999816894531
2022-05-13,46.869998931884766
2022-05-14,46.869998931884766
2022-05-15,46.869998931884766
2022-05-16,53.5099983215332
2022-05-17,53.209999084472656
2022-05-18,51.599998474121094
2022-05-19,50.880001068115234
2022-05-20,55.099998474121094
2022-05-21,55.099998474121094
2022-05-22,55.099998474121094
2022-05-23,52.29999923706055
2022-05-24,46.0
2022-05-25,42.0099983215332
2022-05-26,44.84000015258789
2022-05-27,49.779998779296875
2022-05-28,49.779998779296875
2022-05-29,49.779998779296875
2022-05-30,49.779998779296875
2022-05-31,52.939998626708984
2022-06-01,52.7400016784668
2022-06-02,51.5099983215332
2022-06-03,52.59000015258789
2022-06-04,52.59000015258789
2022-06-05,52.59000015258789
2022-06-06,52.15999984741211
2022-06-07,51.84000015258789
2022-06-08,53.400001525878906
2022-06-09,53.900001525878906
2022-06-10,51.0
2022-06-11,51.0
2022-06-12,51.0
2022-06-13,46.0
2022-06-14,46.2599983215332
2022-06-15,45.95000076293945
2022-06-16,45.81999969482422
2022-06-17,44.505001068115234
2022-06-18,44.505001068115234
2022-06-19,44.505001068115234
2022-06-20,44.505001068115234
2022-06-21,47.34000015258789
2022-06-22,46.2599983215332
2022-06-23,45.849998474121094
2022-06-24,48.130001068115234
2022-06-25,48.130001068115234
2022-06-26,48.130001068115234
2022-06-27,49.689998626708984
2022-06-28,47.900001525878906
2022-06-29,43.709999084472656
2022-06-30,42.400001525878906
2022-07-01,42.130001068115234
2022-07-02,42.130001068115234
2022-07-03,42.130001068115234
2022-07-04,42.130001068115234
2022-07-05,41.02000045776367
2022-07-06,43.970001220703125
2022-07-07,43.35499954223633
2022-07-08,44.279998779296875
2022-07-09,44.279998779296875
2022-07-10,44.279998779296875
2022-07-11,44.650001525878906
2022-07-12,43.63999938964844
2022-07-13,43.810001373291016
2022-07-14,43.630001068115234
2022-07-15,42.40999984741211
2022-07-16,42.40999984741211
2022-07-17,42.40999984741211
2022-07-18,44.040000915527344
2022-07-19,44.779998779296875
2022-07-20,46.36000061035156
2022-07-21,49.56999969482422
2022-07-22,47.900001525878906
2022-07-23,47.900001525878906
2022-07-24,47.900001525878906
2022-07-25,47.150001525878906
2022-07-26,45.66999816894531
2022-07-27,43.959999084472656
2022-07-28,45.93000030517578
2022-07-29,43.400001525878906
2022-07-30,43.400001525878906
2022-07-31,43.400001525878906
2022-08-01,44.29999923706055
2022-08-02,44.84000015258789
2022-08-03,48.65999984741211
2022-08-04,50.150001525878906
2022-08-05,49.77000045776367
2022-08-06,49.77000045776367
2022-08-07,49.77000045776367
2022-08-08,53.5099983215332
2022-08-09,53.5099983215332
2022-08-10,68.13999938964844
2022-08-11,74.5999984741211
2022-08-12,73.0
2022-08-13,73.0
2022-08-14,73.0
2022-08-15,74.08499908447266
2022-08-16,74.95500183105469
2022-08-17,72.0999984741211
2022-08-18,70.52999877929688
2022-08-19,67.55000305175781
2022-08-20,67.55000305175781
2022-08-21,67.55000305175781
2022-08-22,64.0
2022-08-23,64.0999984741211
2022-08-24,63.7400016784668
2022-08-25,64.58000183105469
2022-08-26,66.1500015258789
2022-08-27,66.1500015258789
2022-08-28,66.1500015258789
2022-08-29,62.060001373291016
2022-08-30,63.54999923706055
2022-08-31,64.80000305175781
2022-09-01,61.189998626708984
2022-09-02,63.029998779296875
2022-09-03,63.029998779296875
2022-09-04,63.029998779296875
2022-09-05,63.029998779296875
2022-09-06,61.5
2022-09-07,59.86000061035156
2022-09-08,61.61000061035156
2022-09-09,65.30000305175781
2022-09-10,65.30000305175781
2022-09-11,65.30000305175781
2022-09-12,67.23999786376953
2022-09-13,63.689998626708984
2022-09-14,63.970001220703125
2022-09-15,62.18000030517578
2022-09-16,61.290000915527344
2022-09-17,61.290000915527344
2022-09-18,61.290000915527344
2022-09-19,60.93000030517578
2022-09-20,62.060001373291016
2022-09-21,62.099998474121094
2022-09-22,60.83000183105469
2022-09-23,57.994998931884766
2022-09-24,57.994998931884766
2022-09-25,57.994998931884766
2022-09-26,57.630001068115234
2022-09-27,59.279998779296875
2022-09-28,59.58000183105469
2022-09-29,61.334999084472656
2022-09-30,60.66999816894531
2022-10-01,60.66999816894531
2022-10-02,60.66999816894531
2022-10-03,60.25
2022-10-04,63.4900016784668
2022-10-05,61.959999084472656
2022-10-06,62.04999923706055
2022-10-07,59.5
2022-10-08,59.5
2022-10-09,59.5
2022-10-10,56.90999984741211
2022-10-11,53.95000076293945
2022-10-12,52.689998626708984
2022-10-13,49.61000061035156
2022-10-14,53.40999984741211
2022-10-15,53.40999984741211
2022-10-16,53.40999984741211
2022-10-17,52.86000061035156
2022-10-18,56.5099983215332
2022-10-19,55.9900016784668
2022-10-20,55.18000030517578
2022-10-21,54.290000915527344
2022-10-22,54.290000915527344
2022-10-23,54.290000915527344
2022-10-24,57.25
2022-10-25,56.43000030517578
2022-10-26,54.720001220703125
2022-10-27,55.66999816894531
2022-10-28,53.040000915527344
2022-10-29,53.040000915527344
2022-10-30,53.040000915527344
2022-10-31,53.34000015258789
2022-11-01,55.40999984741211
2022-11-02,52.84000015258789
2022-11-03,48.0
2022-11-04,50.31999969482422
2022-11-05,50.31999969482422
2022-11-06,50.31999969482422
2022-11-07,46.625
2022-11-08,44.0099983215332
2022-11-09,46.86000061035156
2022-11-10,43.400001525878906
2022-11-11,46.904998779296875
2022-11-12,46.904998779296875
2022-11-13,46.904998779296875
2022-11-14,47.849998474121094
2022-11-15,50.0
2022-11-16,52.810001373291016
2022-11-17,48.970001220703125
2022-11-18,51.619998931884766
2022-11-19,51.619998931884766
2022-11-20,51.619998931884766
2022-11-21,48.845001220703125
2022-11-22,47.939998626708984
2022-11-23,48.61000061035156
2022-11-24,48.61000061035156
2022-11-25,49.154998779296875
2022-11-26,49.154998779296875
2022-11-27,49.154998779296875
2022-11-28,48.56999969482422
2022-11-29,49.685001373291016
2022-11-30,48.56999969482422
2022-12-01,51.97999954223633
2022-12-02,50.81999969482422
2022-12-03,50.81999969482422
2022-12-04,50.81999969482422
2022-12-05,54.029998779296875
2022-12-06,51.08000183105469
2022-12-07,47.22999954223633
2022-12-08,48.13999938964844
2022-12-09,48.720001220703125
2022-12-10,48.720001220703125
2022-12-11,48.720001220703125
2022-12-12,48.310001373291016
2022-12-13,53.220001220703125
2022-12-14,51.79999923706055
2022-12-15,48.15999984741211
2022-12-16,46.58000183105469
2022-12-17,46.58000183105469
2022-12-18,46.58000183105469
2022-12-19,45.720001220703125
2022-12-20,43.90999984741211
2022-12-21,47.005001068115234
2022-12-22,45.529998779296875
2022-12-23,44.5
2022-12-24,44.5
2022-12-25,44.5
2022-12-26,44.5
2022-12-27,44.45000076293945
2022-12-28,43.709999084472656
2022-12-29,44.29999923706055
2022-12-30,44.02000045776367
2022-12-31,44.02000045776367
2023-01-01,44.02000045776367
2023-01-02,44.02000045776367
2023-01-03,45.9900016784668
2023-01-04,44.470001220703125
2023-01-05,43.790000915527344
2023-01-06,43.060001373291016
2023-01-07,43.060001373291016
2023-01-08,43.060001373291016
2023-01-09,43.150001525878906
2023-01-10,43.59000015258789
2023-01-11,45.31999969482422
2023-01-12,47.380001068115234
2023-01-13,45.72999954223633
2023-01-14,45.72999954223633
2023-01-15,45.72999954223633
2023-01-16,45.72999954223633
2023-01-17,46.83000183105469
2023-01-18,47.93000030517578
2023-01-19,44.88999938964844
2023-01-20,44.529998779296875
2023-01-21,44.529998779296875
2023-01-22,44.529998779296875
2023-01-23,45.869998931884766
2023-01-24,45.95000076293945
2023-01-25,45.94499969482422
2023-01-26,50.0
2023-01-27,49.52000045776367
2023-01-28,49.52000045776367
2023-01-29,49.52000045776367
2023-01-30,51.0
2023-01-31,49.22999954223633
2023-02-01,50.900001525878906
2023-02-02,56.54999923706055
2023-02-03,54.2599983215332
2023-02-04,54.2599983215332
2023-02-05,54.2599983215332
2023-02-06,52.40999984741211
2023-02-07,52.34000015258789
2023-02-08,52.45000076293945
2023-02-09,52.70000076293945
2023-02-10,48.939998626708984
2023-02-11,48.939998626708984
2023-02-12,48.939998626708984
2023-02-13,48.849998474121094
2023-02-14,48.18000030517578
2023-02-15,58.099998474121094
2023-02-16,64.9000015258789
2023-02-17,62.119998931884766
2023-02-18,62.119998931884766
2023-02-19,62.119998931884766
2023-02-20,62.119998931884766
2023-02-21,58.400001525878906
2023-02-22,56.79999923706055
2023-02-23,57.02000045776367
2023-02-24,54.33000183105469
2023-02-25,54.33000183105469
2023-02-26,54.33000183105469
2023-02-27,55.369998931884766
2023-02-28,55.380001068115234
2023-03-01,55.75
2023-03-02,54.81999969482422
2023-03-03,56.810001373291016
2023-03-04,56.810001373291016
2023-03-05,56.810001373291016
2023-03-06,57.95000076293945
2023-03-07,56.88999938964844
2023-03-08,57.5
2023-03-09,57.0
2023-03-10,55.39500045776367
2023-03-11,55.39500045776367
2023-03-12,55.39500045776367
2023-03-13,52.099998474121094
2023-03-14,55.869998931884766
2023-03-15,55.224998474121094
2023-03-16,55.18000030517578
2023-03-17,57.77000045776367
2023-03-18,57.77000045776367
2023-03-19,57.77000045776367
2023-03-20,58.04999923706055
2023-03-21,57.349998474121094
2023-03-22,59.5
2023-03-23,59.310001373291016
2023-03-24,59.66999816894531
2023-03-25,59.66999816894531
2023-03-26,59.66999816894531
2023-03-27,61.0
2023-03-28,59.630001068115234
2023-03-29,59.540000915527344
2023-03-30,61.22999954223633
2023-03-31,60.099998474121094
2023-04-01,60.099998474121094
2023-04-02,60.099998474121094
2023-04-03,60.0
2023-04-04,61.11000061035156
2023-04-05,59.72999954223633
2023-04-06,58.0
2023-04-07,58.0
2023-04-08,58.0
2023-04-09,58.0
2023-04-10,59.84000015258789
2023-04-11,61.4900016784668
2023-04-12,62.595001220703125
2023-04-13,61.029998779296875
2023-04-14,61.0
2023-04-15,61.0
2023-04-16,61.0
2023-04-17,60.70000076293945
2023-04-18,62.5099983215332
2023-04-19,60.93000030517578
2023-04-20,60.525001525878906
2023-04-21,62.209999084472656
2023-04-22,62.209999084472656
2023-04-23,62.209999084472656
2023-04-24,62.2599983215332
2023-04-25,61.27000045776367
2023-04-26,60.5
2023-04-27,61.72999954223633
2023-04-28,64.22000122070312
2023-04-29,64.22000122070312
2023-04-30,64.22000122070312
2023-05-01,63.86000061035156
2023-05-02,62.939998626708984
2023-05-03,63.349998474121094
2023-05-04,62.790000915527344
2023-05-05,62.0099983215332
2023-05-06,62.0099983215332
2023-05-07,62.0099983215332
2023-05-08,62.54999923706055
2023-05-09,63.849998474121094
2023-05-10,65.55000305175781
2023-05-11,67.7300033569336
2023-05-12,64.16000366210938
2023-05-13,64.16000366210938
2023-05-14,64.16000366210938
2023-05-15,62.27000045776367
2023-05-16,63.63999938964844
2023-05-17,64.47000122070312
2023-05-18,66.30000305175781
2023-05-19,67.58999633789062
2023-05-20,67.58999633789062
2023-05-21,67.58999633789062
2023-05-22,66.76000213623047
2023-05-23,67.7699966430664
2023-05-24,66.08000183105469
2023-05-25,67.26000213623047
2023-05-26,66.5
2023-05-27,66.5
2023-05-28,66.5
2023-05-29,66.5
2023-05-30,69.01000213623047
2023-05-31,69.55000305175781
2023-06-01,70.12000274658203
2023-06-02,75.73999786376953
2023-06-03,75.73999786376953
2023-06-04,75.73999786376953
2023-06-05,73.48999786376953
2023-06-06,75.12999725341797
2023-06-07,75.94000244140625
2023-06-08,73.41000366210938
2023-06-09,74.8499984741211
2023-06-10,74.8499984741211
2023-06-11,74.8499984741211
2023-06-12,74.75
2023-06-13,76.37999725341797
2023-06-14,77.33000183105469
2023-06-15,76.0
2023-06-16,77.58999633789062
2023-06-17,77.58999633789062
2023-06-18,77.58999633789062
2023-06-19,77.58999633789062
2023-06-20,75.62999725341797
2023-06-21,75.97000122070312
2023-06-22,75.87999725341797
2023-06-23,75.47000122070312
2023-06-24,75.47000122070312
2023-06-25,75.47000122070312
2023-06-26,76.04000091552734
2023-06-27,76.25
2023-06-28,76.58000183105469
2023-06-29,78.29000091552734
2023-06-30,78.37000274658203
2023-07-01,78.37000274658203
2023-07-02,78.37000274658203
2023-07-03,77.23999786376953
2023-07-04,77.23999786376953
2023-07-05,76.91000366210938
2023-07-06,75.76000213623047
2023-07-07,75.4000015258789
2023-07-08,75.4000015258789
2023-07-09,75.4000015258789
2023-07-10,75.48999786376953
2023-07-11,76.47000122070312
2023-07-12,83.70999908447266
2023-07-13,87.5999984741211
2023-07-14,87.72000122070312
2023-07-15,87.72000122070312
2023-07-16,87.72000122070312
2023-07-17,87.73999786376953
2023-07-18,90.4000015258789
2023-07-19,87.6500015258789
2023-07-20,86.9000015258789
2023-07-21,84.88500213623047
2023-07-22,84.88500213623047
2023-07-23,84.88500213623047
2023-07-24,84.44000244140625
2023-07-25,82.62000274658203
2023-07-26,82.5199966430664
2023-07-27,87.83000183105469
2023-07-28,89.0199966430664
2023-07-29,89.0199966430664
2023-07-30,89.0199966430664
2023-07-31,90.83499908447266
2023-08-01,90.33999633789062
2023-08-02,88.31999969482422
2023-08-03,85.66999816894531
2023-08-04,85.52999877929688
2023-08-05,85.52999877929688
2023-08-06,85.52999877929688
2023-08-07,85.36000061035156
2023-08-08,84.69999694824219
2023-08-09,84.6500015258789
2023-08-10,79.12000274658203
2023-08-11,76.51000213623047
2023-08-12,76.51000213623047
2023-08-13,76.51000213623047
2023-08-14,74.05000305175781
2023-08-15,74.74500274658203
2023-08-16,73.73999786376953
2023-08-17,72.73999786376953
2023-08-18,70.08000183105469
2023-08-19,70.08000183105469
2023-08-20,70.08000183105469
2023-08-21,72.22000122070312
2023-08-22,73.58999633789062
2023-08-23,75.02999877929688
2023-08-24,78.19999694824219
2023-08-25,74.51000213623047
2023-08-26,74.51000213623047
2023-08-27,74.51000213623047
2023-08-28,76.77999877929688
2023-08-29,76.0
2023-08-30,78.69999694824219
2023-08-31,79.58999633789062
2023-09-01,80.87000274658203
2023-09-02,80.87000274658203
2023-09-03,80.87000274658203
2023-09-04,80.87000274658203
2023-09-05,79.19000244140625
2023-09-06,82.5
2023-09-07,81.87000274658203
2023-09-08,84.25
2023-09-09,84.25
2023-09-10,84.25
2023-09-11,84.79000091552734
2023-09-12,85.58000183105469
2023-09-13,85.75
2023-09-14,85.68000030517578
2023-09-15,85.2300033569336
2023-09-16,85.2300033569336
2023-09-17,85.2300033569336
2023-09-18,82.72000122070312
2023-09-19,80.45999908447266
2023-09-20,79.19999694824219
2023-09-21,77.25
2023-09-22,76.72000122070312
2023-09-23,76.72000122070312
2023-09-24,76.72000122070312
2023-09-25,75.70999908447266
2023-09-26,74.63999938964844
2023-09-27,74.5199966430664
2023-09-28,76.5199966430664
2023-09-29,78.9800033569336
2023-09-30,78.9800033569336
2023-10-01,78.9800033569336
2023-10-02,78.15499877929688
2023-10-03,77.04000091552734
2023-10-04,77.1500015258789
2023-10-05,79.19000244140625
2023-10-06,77.25
2023-10-07,77.25
2023-10-08,77.25
2023-10-09,81.19000244140625
2023-10-10,84.37000274658203
2023-10-11,86.01000213623047
2023-10-12,85.37999725341797
2023-10-13,85.05999755859375
2023-10-14,85.05999755859375
2023-10-15,85.05999755859375
2023-10-16,77.73999786376953
2023-10-17,80.0
2023-10-18,78.81999969482422
2023-10-19,77.5
2023-10-20,75.88999938964844
2023-10-21,75.88999938964844
2023-10-22,75.88999938964844
2023-10-23,73.5999984741211
2023-10-24,75.02999877929688
2023-10-25,74.88999938964844
2023-10-26,70.75
2023-10-27,67.16999816894531
2023-10-28,67.16999816894531
2023-10-29,67.16999816894531
2023-10-30,67.97000122070312
2023-10-31,68.22000122070312
2023-11-01,70.38999938964844
2023-11-02,75.0
2023-11-03,76.63999938964844
2023-11-04,76.63999938964844
2023-11-05,76.63999938964844
2023-11-06,79.4000015258789
2023-11-07,78.20999908447266
2023-11-08,77.5999984741211
2023-11-09,79.69999694824219
2023-11-10,61.665000915527344
2023-11-11,61.665000915527344
2023-11-12,61.665000915527344
2023-11-13,64.1500015258789
2023-11-14,65.98999786376953
2023-11-15,68.1500015258789
2023-11-16,67.72000122070312
2023-11-17,66.4800033569336
2023-11-18,66.4800033569336
2023-11-19,66.4800033569336
2023-11-20,66.3499984741211
2023-11-21,66.83000183105469
2023-11-22,66.43000030517578
2023-11-23,66.43000030517578
2023-11-24,66.66000366210938
2023-11-25,66.66000366210938
2023-11-26,66.66000366210938
2023-11-27,67.0
2023-11-28,68.72000122070312
2023-11-29,70.0
2023-11-30,70.9000015258789
2023-12-01,70.13999938964844
2023-12-02,70.13999938964844
2023-12-03,70.13999938964844
2023-12-04,70.19000244140625
2023-12-05,68.3499984741211
2023-12-06,69.2300033569336
2023-12-07,68.56999969482422
2023-12-08,68.18000030517578
2023-12-09,68.18000030517578
2023-12-10,68.18000030517578
2023-12-11,71.0199966430664
2023-12-12,71.75
2023-12-13,71.5999984741211
2023-12-14,74.99500274658203
2023-12-15,76.83000183105469
2023-12-16,76.83000183105469
2023-12-17,76.83000183105469
2023-12-18,75.3499984741211
2023-12-19,75.80000305175781
2023-12-20,77.38999938964844
2023-12-21,76.75
2023-12-22,75.55000305175781
2023-12-23,75.55000305175781
2023-12-24,75.55000305175781
2023-12-25,75.55000305175781
2023-12-26,73.68000030517578
2023-12-27,73.8499984741211
2023-12-28,73.79000091552734
2023-12-29,73.30000305175781
2023-12-30,73.30000305175781
2023-12-31,73.30000305175781
2024-01-01,73.30000305175781
2024-01-02,71.6500015258789
2024-01-03,69.5
2024-01-04,68.75
2024-01-05,67.85199737548828
2024-01-06,67.85199737548828
2024-01-07,67.85199737548828
2024-01-08,67.88999938964844
2024-01-09,68.33000183105469
2024-01-10,68.44000244140625
2024-01-11,68.59500122070312
2024-01-12,68.12999725341797
2024-01-13,68.12999725341797
2024-01-14,68.12999725341797
2024-01-15,68.12999725341797
2024-01-16,66.2699966430664
2024-01-17,62.7599983215332
2024-01-18,65.7699966430664
2024-01-19,65.36000061035156
2024-01-20,65.36000061035156
2024-01-21,65.36000061035156
2024-01-22,68.08999633789062
2024-01-23,70.19000244140625
2024-01-24,71.5
2024-01-25,70.87000274658203
2024-01-26,69.12999725341797
2024-01-27,69.12999725341797
2024-01-28,69.12999725341797
2024-01-29,68.38999938964844
2024-01-30,71.0
2024-01-31,67.91000366210938
2024-02-01,68.75
2024-02-02,68.48999786376953
2024-02-03,68.48999786376953
2024-02-04,68.48999786376953
2024-02-05,68.98999786376953
2024-02-06,68.02999877929688
2024-02-07,68.8499984741211
2024-02-08,69.69999694824219
2024-02-09,71.16000366210938
2024-02-10,71.16000366210938
2024-02-11,71.16000366210938
2024-02-12,70.80000305175781
2024-02-13,71.38999938964844
2024-02-14,74.30000305175781
2024-02-15,73.68000030517578
2024-02-16,89.5
